COMPANY NAME,REPORTING YEAR,NITROGEN,SULPHUR,AIR CADMIUM,AIR MERCURY,ANNUAL REVENUE,HEADCOUNT,SCOPE 1 EMISSIONS TOTAL,SCOPE 2 EMISSION TOTAL,CONSUMPTION TOTAL ENERGY,COAL,DIESEL,MOTOR GASOLINE,NATURAL GAS,TOTAL WATER DISCHARGE OR WASTEWATER GENERATION,CHEMICAL OXYGEN DEMAND,TOTAL WASTE GENERATED,DISPOSED NON HAZARDOUS WASTE,FLY ASH,CONSTRUCTION DEBRIS,RECOVERED OR RECYCLED TOTAL WASTE,OVERBURDEN IN MINING,WASTE INCINERATED,WASTE TO LANDFILL,TOTAL HAZARDOUS WASTE GENERATED,TOTAL NON HAZARDOUS WASTE GENERATED,WASTE COMPOSTED,RECOVERED HAZARDOUS WASTE,RECOVERED NON HAZARDOUS WASTE,DISPOSED TOTAL WASTE,DISPOSED HAZARDOUS WASTE,WITHDRAWAL TOTAL WATER,RECYCLED WATER OR REUSE WATER OR TREATED WATER,CONSUMPTION TOTAL WATER,WITHDRAWAL TOTAL FRESHWATER
Samsung Electronics Co,2016,635,196,,,174211.0009,308745,2554000,9046000,21073000,,,,,81716000,1639,1078310,,,,1022690,,26622,29001,349404,728905,,,,,,,48602000,104253000,
Samsung Electronics Co,2017,685,69,,,212024.2078,320671,3668000,9917000,23419000,,,,,95919000,1771,1146810,,,,1088980,,32301,25532,386349,760463,,,,,,,56154000,120618000,
Samsung Electronics Co,2018,616,55,,,221588.2162,309630,4855000,10318000,26028000,,,,,107699000,2407,1210520,,,,1157620,,31377,21524,396690,813831,,,,,,,62371000,134230000,
Samsung Electronics Co,2019,661,13,,,197683.9559,287439,5067000,8733000,26899000,,,,,108460000,1047,1099197,,,,1045122,,30664,23410,321627,777570,,,,,,,68555000,134479000,
Samsung Electronics Co,2020,652,6,,,200606.179,267937,5726000,9079000,29024000,,,,,109201000,1033,1181741,,,,1125037,,30146,26558,345866,835875,,,,,,,70181000,142294000,
Samsung Electronics Co,2021,717,19,,,244427.2226,266673,7604000,9796000,32322000,,,,,130955000,906,1324972,,,,1268985,,31293,24694,421219,903753,,,,,,,93949000,163660000,
SAUDI ARAMCO,2016,,,,,,65282,,,,,,,,,,,,,,,,,,,,,,,,,,,,
SAUDI ARAMCO,2017,,,,,264176,70762,42037852,14267101,,,,,,,,,,,,,,,,,,,,,,,,,,
SAUDI ARAMCO,2018,,202000,,,359204,67947,46600000,14700000,,,,,,,,,,,,,,,,,,,,,,,,,,30500000
SAUDI ARAMCO,2019,,204000,,,329809,69867,52000000,19000000,,,,,,,,232000,,,,,,,,,,,,,,,,,,36200000
SAUDI ARAMCO,2020,,163000,,,229891,66800,50200000,18100000,,,,,,,,231000,,,,,,,,,,,,,,,,,,32900000
SAUDI ARAMCO,2021,,141000,,,400468,68493,52300000,15500000,,,,,,,,158000,,,,,,,,,,,,,,,,,,33800000
SOFTBANK GROUP CORP,2016,,,,,81639.30467,63591,11456,785893,,,,,44350.24,,,,,,,,,,,,,,,,,,,,,
SOFTBANK GROUP CORP,2017,,,,,79355.53041,68402,11386,711128,,,,,48079.24,,,,,,,,,,,,,,,,,,,,,
SOFTBANK GROUP CORP,2018,,,,,82942.41695,74952,11456,682497,,,,,47045.064,,,,,,,,,,,,,,,,,,,,,
SOFTBANK GROUP CORP,2019,,,,,88100.49979,76866,14454,760305,,,,,45284.976,,,,,,,,,,,,,,,,,,,,,
SOFTBANK GROUP CORP,2020,,,,,57261.59099,80909,15803,760301,,,,,44827.552,,,,,,,,,,,,,,,,,,,,,
SOFTBANK GROUP CORP,2021,,,,,51285.94013,58786,15416,605513,1680530,,,,,,,,,,,,,,,,,,,,,,,,,
SOFTBANK GROUP CORP,2022,,,,,50017.22938,59721,12052,708450,2262843,,,,,,,,,,,,,,,,,,,,,,,,,
SONY CORP,2016,133,8,,,74505.88902,125300,299974,1263190,,,,,,11777300,12,60117,,,,57232,,,5042,,,,,,,,,,12374977,
SONY CORP,2017,87,6,,,67785.60447,128400,269279,1084907,6388889.4,,,,,11598600,16,50007,,,,47704,,,1096,,,,,,,,,,11626474,
SONY CORP,2018,84,4,,,77374.89907,117300,234291,1156316,6666667.2,,,,,14377600,47,54544,,,,52587,,,983,,,,,,,,,,13914134,
SONY CORP,2019,89,9,,,79507.66423,114400,187123,1151882,6388889.4,,,,,14478900,30,48799,,,,46572,,,1761,,,,,,,,,,13640493,10140000
SONY CORP,2020,92,3,,,76470.01533,111700,187829,1188286,6666667.2,,,,555560,8370000,105,48186,,,,47198,,,977,,,,,,,,,,15297545,10220000
SONY CORP,2021,80,4,,,84847.07,109700,189000,1204000,6666666.667,,,,,15500000,79,51362,,,,50457,,,604,,,,,,,,,,15600000,
SONY CORP,2022,,,,,88291.15,108900,,,,,,,,,,,,,,,,,,,,,,,,,,,,
TAIWAN SEMICONDUCTOR,2016,60.54,33.08,,,28091.61873,46968,2035510,5378443,9848000,,,,480000,26200000,,298761,,,,283822.95,,,,135177,163584,,,,,,,,42000000,
TAIWAN SEMICONDUCTOR,2017,82.5,43.87,,,29074.08327,48602,2075928,6080212,12016000,,4000,,624000,32260000,,369745,,,,351257.75,,,,168631,201114,,,,,,,,48900000,
TAIWAN SEMICONDUCTOR,2018,118.92,39.71,,,30717.77139,48752,2125725,6349642,13167000,,5000,,721000,37830000,,393784,,,,374094.8,,,,179944,213840,,,,,,,,56800000,
TAIWAN SEMICONDUCTOR,2019,116.67,32.18,,,31789.40379,51297,2071743,6697872,14323000,,5000,,742000,43110000,,416715,,,,400046.4,,,,197131,219584,,,,,,,,64300000,
TAIWAN SEMICONDUCTOR,2020,170.36,38.13,,,44776,56831,2450350,,16919000,,6000,,855000,51810000,,575740,,,,546953,,,,298400,277340,,,,,,,,77300000,
TAIWAN SEMICONDUCTOR,2021,205.57,39.48,,,56809.70377,65152,2151937,,19192000,,30000,,1090000,55050000,,674703,,,,640967.85,,,,339623,335080,,,,,,,,82800000,
TENCENT,2016,,,,,22879.88761,38775,1530,344650,,,,,,,,,,,,,,,,,,,,,,,,,,
TENCENT,2017,,,,,35192.99744,44796,2783.79,573876,866714,,1761.11,779.92,10892.2,,,,,,,,,,,2.21,3954.46,,,,,,,5261,1532710,
TENCENT,2018,,,,,47328.73845,54309,2590.31,712762,1106477.18,,181.92,780.24,12029.7,,,,,,,,,,,2.51,5917.28,,,,,,,5461,1907226.06,
TENCENT,2019,,,,,54637.10654,62885,4101.08,852686,1506253.9,,1244.49,805.77,18297.1,,,,,,,,,,,10.4,7038.38,,,,,,,4076,2750510.36,
TENCENT,2020,,,,,68577.70535,51350,4089.79,926675.8,1723567.94,,1295.86,534.45,18504.17,,,,,,,,,,,73.23,9077.63,,,,,,,10985,3509332.1,
TENCENT,2021,,,,,79681.55093,68226,19000,2349000,4375253,,32712.32344,311.1976,29042.33634,,,,,,,,,,,324,29850,,,,,,,,6201652,
CHEVRON CORP,2018,141000,40000,,,158902,48638,68000000,,275555577.6,,,,,,,,,,,,,,,400000,,,200000,,,300000,,,70000000,71000000
CHEVRON CORP,2019,130000,36000,,,139865,48155,63000000,,268611132.6,,,,,,,,,,,,,,,400000,,,200000,,,200000,,,69000000,70000000
CHEVRON CORP,2020,112000,41000,,,94471,47736,56000000,,249444464.4,,,,,,,,,,,,,,,200000,,,100000,,,100000,,,62000000,63000000
CHEVRON CORP,2021,113000,87000,,,155606,42595,57000000,,252500020.2,,,,,,,,,,,,,,,300000,,,100000,,,200000,,,66000000,67000000
China Construction Bank,2016,,,,,81359.59612,362482,4100.19,105820.03,,,1167.78626,,1033.8264,,,409.1,,,,,,,,,,,,,,,,,246859,
China Construction Bank,2017,,,,,85127.50313,352621,18576.91,258872.22,483337.67,4.65,10234.43,,39520.35,,,,,,,,,,,40.29,391.5,,,,,,,,2049524.54,
China Construction Bank,2018,,,,,94133.62687,345971,17518.07,244028.93,446323.04,4.65,11703.93,,37118.44,,,,,,,,,,,20.58,371.47,,,,,,,,2280545.68,
China Construction Bank,2019,,,,,95155.61946,347156,115242.34,1459672.38,2645169.57,2922.1786,33188.7336,,161911.1934,,,,,,,,,,,19.46,409.31,,,,,,,,23790030.7,
China Construction Bank,2020,,,,,98841.78032,349671,88906.1,1392317.22,2436176.42,576.1492,64119.187,,143052.2786,,,,,,,,,,,36.06,689.65,,,,,,,,23171202.67,
China Construction Bank,2021,,,,,113898.2154,351252,127378.31,1516076.17,2734978.95,199.837,24128.181,,155071.6398,,,,,,,,,,,37.46,272.17,,,,,,,,20600497.71,
CHINA MOBILE,2016,0,95.22,,,106678.9931,460647,350000,14030000,,37083.4,176000,1157330,97066.7,,,,,,,,,,,22742,,,22742,,,,,,41250000,
CHINA MOBILE,2017,0,23.59,,,109610.1418,464656,330000,15650000,,7416.67,194000,1108080,84266.7,,,,,,,,,,,35035,,,35035,,,,,,42240000,
CHINA MOBILE,2018,0,35.93,,,111523.4502,459152,310000,15860000,,14833.3,148000,1025090,119467,,,,,,,39759,,,,10165,29594,,,,,,,,35120000,
CHINA MOBILE,2019,,9.28,,,108019.9704,456239,280000,17040000,,3708.33,131000,923856,117333,,,,,,,,,,,18900,71400,,,67000,,15900,,,36290000,
CHINA MOBILE,2020,,2.75,,,109264.4922,454332,240000,33910000,,741.667,161000,,90666.7392,,,,,,,,,,,17800,63200,,,57700,,16500,,,38310000,
CHINA MOBILE,2021,,11.36,,,131497.7413,449934,240000,33580000,,3708.335,105000,,142933.4477,,,,,,,,,,,21000,76700,,,74300,,20000,,,43320000,
COMCAST CORP A (NEW),2016,,,,,80403,159000,"4,27,567",1266984,,,,,,,,,,,,,,,,,,,,,,,,,,
COMCAST CORP A (NEW),2017,,,,,85029,164000,"4,52,167",1339880,,,,,,,,,,,,,,,,,,,,,,,,,,
COMCAST CORP A (NEW),2018,,,,,94507,184000,"5,02,569",1489233,,,,,,,,,,,,,,,,,,,,,,,,,,
COMCAST CORP A (NEW),2019,,,,,108942,190000,676422,1863480,7129369,,,,,,,,,,,,,,,,,,,,,,,,,
COMCAST CORP A (NEW),2020,,,,,103564,168000,547084,1743564,6504762,,,817,500768,,,,,,,,,,,,,,,,,,,,,
COMCAST CORP A (NEW),2021,,,,,116385,189000,519288,1551747,6098203,,,,,,,,,,,,,,,,,,,,,,,,,
CVS HEALTH,2016,,,,,177546,248224,198047,1285716,2600000,,,,330600,,,,,,,,,429,,3436,,,2397,,,,,,5711000,
CVS HEALTH,2017,,,,,184786,243544,206086,1131013,2700000,,,,353800,,,,,,,,,1564,,4736,,,2513,,,,,,5554000,
CVS HEALTH,2018,,,,,194579,243000,177347,1096724,2850000,,,,411800,,,,,,,,,1515,,5060,,,2699,,,,,,5639000,
CVS HEALTH,2019,,,,,256776,288154,157114,1024682,2600000,,,,423400,,,,,,,,,1328,,4385,,,2473,,,,,,6081000,
CVS HEALTH,2020,,,,,268706,299980,165384,977380,3041400,,,,388600,,,,,,,,,1055.3388,159,4272,433.47,,3075.2,433.296612,,,,,5612000,
CVS HEALTH,2021,,,,,292111,321807,188257,881786,3014033.852,,,,423400,,,,,,,,,1504.25728,291,5640,365.44,,4210,0.18272,,,5728000,,5728000,
DAIMLER,2016,1243,33,,,169580.5879,282488,1056000,,10895000,,,,5105000,8526000,40.381,1229000,86000,,,,,,,,,,71000,1051000,,21000,,,15104000,
DAIMLER,2017,1185,57,,,185064.2213,289321,1192000,,11340000,,,726000,5167000,9038000,40.249,1269000,82000,,,,,,,,,,75000,1097000,,15000,,,14014000,
DAIMLER,2018,1050,61,,,197537.8878,298683,1247000,,11607000,,,834000,5316000,10041000,57,1328000,40000,,,,,,,,,,82000,1195000,,10000,,,14381000,
DAIMLER,2019,1568,60,,,193380.254,298655,1239000,,11287000,,,857000,5289000,9289000,37.631,1249000,28000,,,,,,,,,,79000,1133000,,10000,,,13486000,
DAIMLER,2020,1349,40,,,171043.8111,288481,1027000,,9711000,,,587000,4662000,8671000,21.327,1025000,13000,,,,,,,,,,65000,936000,,11000,,,11778000,
DAIMLER,2021,625,13,,,198712.0935,172425,681000,,6786000,,,370000,3101000,5015000,9,651000,7000,,,,,,,,,,51000,584000,,8000,,,7454000,
DEUTSCHE TELEKOM,2016,,,,,80883.8581,221000,290541,,8500000,,520609.5187,156728.4739,,,,,,,,,,,,6335,66960,,,,,,,,2751845,
DEUTSCHE TELEKOM,2017,,,,,84440.89195,216000,284510,,8900000,,504154.6133,151989.4969,,,,,,,,,,,,5777,58706,,,,,,,,2666455,
DEUTSCHE TELEKOM,2018,,,,,89348.94482,216000,276727,,9200000,,486395.6462,151114.082,,,,,,,,,,,,5710,60762,,,,,,,,2745254,
DEUTSCHE TELEKOM,2019,,,,,90148.73,213000,256476,,9300000,,456014.3145,153344.9236,,,,,,,,,,,,6911,69203,,,,,,,,2157504,
JOHNSON&JOHNSON,2021,37,53,,,93775,144315,367674,799629,3318611.377,,140834.46,,1244454.4,6920000,,194836,,,,,,7111,11804,52180,142656,,43263,123381,,,,810000,,10920000
JPMORGAN CHASE & CO,2016,,,,,95668,243355,79556,,2240399,,,,221823,,,,,,,,,,,,,,,,,,,,5127750,
JPMORGAN CHASE & CO,2017,,,,,100705,252539,78229,,2124700,,,,224119,,,,,,,,,,,,,,,,,,,,5611800,
JPMORGAN CHASE & CO,2018,,,,,109029,256105,83101,,2127810,,,,256623,,,,,,,,,,,,,,,,,,,,5731980,
JPMORGAN CHASE & CO,2019,,,,,115627,256981,81655,,2082280,,,,254794,,,,,,,,,,,,,,,,,,,,5091860,
JPMORGAN CHASE & CO,2020,,,,,119543,255351,69570,,1942728,,,,216862,,,,,,,,,,,,,,,,,,,,5035089,
JPMORGAN CHASE & CO,2021,,,,,121649,271025,84911,785272,2437515,,4074,,321322,,,,,,,,,,,,,,,,,,6700709,,,
LVMH MOET HENNE,2016,,,,,41603.7355,134476,62657,322972,1148570,,,,,,3354,80787,,,,,,,,3354,77433,,,66592.4,,,,,9599627,
LVMH MOET HENNE,2017,,,,,48067.04765,145247,87241.8,292070,1189280,,,,,,1660,78550,,,,,,,,3360,75190,,,68422.9,,,,,9534191,
LVMH MOET HENNE,2018,,,,,55268.87305,156088,96030.8,288092,1277080,,,,,,1170,99495,,,,,,,,6480,93015,,,84643.6,,,,,10655856,
LVMH MOET HENNE,2019,,,,,60081.14985,163309,69152.97,294810.03,1278600,,,,,,1030,95620,,,,,,,,5130,90490,,,82345.9,,,,,10945900,
LVMH MOET HENNE,2020,,,,,49493.40095,150479,63909.3,240421,1149660,,,,238160,,960,80690,,,,,,,,3983,76707,,,71337.5,,,,,10280200,
LVMH MOET HENNE,2021,,,,,75967.26269,175647,71390.6,304349.4,1367340,,,,267700,,,113580,,,,,,,,8022,105558,,,103357.8,,,,,8571513,
MICROSOFT CORP,2016,26,2,,,84695,114000,94651,,,,139631,37638,111283,4999896,,,,,,22378,,931,2243,,,5691,,,,,4999896,,,
MICROSOFT CORP,2017,223,13,,,96571,124000,107452,,6756779,,164324,46996,107687,3236000,,,,,,,,626,2044,2188,23870,5920,2122,15280,,,5148000,,1913000,
MICROSOFT CORP,2018,209,13,,,110360,131000,99008,,7781383,,152915,44604,110863,3393000,,,,,,,,316,1599,1405,17661,5883,1376,9864,,,6719000,,3326000,
MICROSOFT CORP,2019,215,12,,,125843,144000,117956,,9249361,,152034,43474,196644,3559000,,,,,,,,398,11713,14534,31644,8358,6184,11175,,,7505000,,3946000,
MICROSOFT CORP,2020,202,12,,,143015,163000,118100,,10757166,,147297,43000,218557,3651000,,,,,,,,562,10848,9469,31101,10104,7581,9588,,,7618000,,3967000,
MICROSOFT CORP,2021,284,18,,,168088,181000,123704,4609857,13481863,,,49359,249443,3179000,,,,,,,,275,6957,1750,20768,1776,1742,11760,,,7657000,,4478000,
MICROSOFT CORP,2022,,,,,198270,221000,,,,,,,,,,,,,,,,,,,,,,,,,,,,
NESTLE SA-REG,2016,,9900,,,90795.11775,328221,3600000,3000000,39472300,916667,,,11611100,80000000,,,106900,,,,,,,,,,,,107600,700,138000000,5100000,,
NESTLE SA-REG,2017,,9300,,,91186.91971,322887,3500000,3000000,37750000,833333,,,11583300,78000000,,,62500,,,,,,,,,,,,62900,400,132000000,6300000,,
NESTLE SA-REG,2018,,8300,,,93507.06462,308301,3300000,2500000,35472300,694444,,,11277800,75000000,,,34000,,,,,,,,,,,,34400,400,127000000,5900000,,
NESTLE SA-REG,2019,,7500,,,93161.26831,275628,3300000,2300000,35361100,611111,,,11500000,67000000,,,14000,,,,,,,,,,,,14300,300,121000000,4800000,,
NESTLE SA-REG,2020,,7100,,,87780.5006,268350,3300000,1900000,24166668.6,527778.2,,,11500009.2,59000000,,,5800,,,,,,,,,,,,5800,300,115000000,4400000,,
NESTLE SA-REG,2021,,,,,95288.32705,257031,3370000,2640193,22994300.73,,,,,,,1568228,,,,1174602.77,,,,12748,1555480,,,,,,97998375,,39027212,
Petrobras,2016,,,,,24815.01641,3714,,,249858000,,16020100,,152786000,281800000,,,,,,,,,,132000,210000,,,,,,,24800000,,191600000
Petrobras,2017,,,,,25541.77101,3240,163918,17629,743867,,625936,3534.84,3095.68,293200000,,,,,,,,,,113000,153000,,,,,,333700,3200,,177700000
Petrobras,2018,,,,,26349.9927,3134,164983,16847,749904,,645019,7454.11,7268.54,289100000,,,,,,,,,,120000,158000,,,,,,364900,1400,,182300000
Petrobras,2019,,,,,23579.0764,2274,160323,15635,758629,,632970,4140.69,1796.58,271600000,,,,,,,,,,118000,245000,,,,,,383200,1400,,156900000
Petrobras,2020,,,,,16585.8681,3370,,,,,,,,,,,,,,,,,,,,,,,,,,,,
Petrobras,2021,,,,,24157.38754,3380,,,,,,,,,,,,,,,,,,,,,,,,,,,,
Petrochina,2016,112700,123200,,,244953.4849,508800,,,650465900,96052000,,,162000129.6,,28400,,,,,,,,,,,,,,,,,,,
Petrochina,2017,102900,109100,,,292447.6822,494300,,,659258180,99389400,,,166000132.8,,28200,,,,,,,,,,,,,,,,,,791210000,
Petrochina,2018,96600,104000,,,345291.6543,476200,,,687100400,103133800,,,181000144.8,,25700,,,,,,,,,,,,,,,,,,800050000,
Petrochina,2019,89000,93800,,,360155.511,460700,132170000,41910000,708511230,103215200,,,185000148,,24400,,,,,,,,,,,,,,,,,,793830000,
Petrochina,2020,77600,88400,,,275104.6239,432003,127570000,39870000,720478500,104924600,,,187000149.6,,23500,,,,,,,,,,,,,,,,,,769950000,
Petrochina,2021,56400,11100,,,371913.3879,417200,121390000,38150000,51068497.08,108017800,,,175000140,,5300,,2603000,,,,,,,1396000,2603000,,,,,1396000,,,750040000,
TOTAL,2016,76000,52000,,,127925,102168,41000000,4000000,150000000,,,,,,,,,,,,,,100260,194000,363000,,108000,215000,,,120000000,,,
TOTAL,2017,69000,47000,,,149099,98277,38000000,4000000,142000000,,,,,,,,,,,,,,79820,187000,427000,,104000,259000,,,116000000,,,
TOTAL,2018,66000,48000,,,184106,104460,40000000,4000000,143000000,,,,,,,,,,,,,,103140,194000,379000,,110000,219000,,,116000000,,,
TOTAL,2019,72000,39000,,,176249,107776,41000000,4000000,160000000,,,,,,,,,,,,,,99450,288000,375000,,190000,240000,,,115000000,,,
TOTAL,2020,64000,34000,,,119704,105476,38000000,3000000,147000000,,,,,,,,,,,,,,60120,198000,303000,,107000,190000,,,105000000,,,
TOTAL,2021,59000,16000,,,184634,101309,34000000,2000000,148000000,,,,,,,,,,,,,,80000,165000,335000,,98000,206000,,,101000000,,,
TOYOTA MOTOR CORP,2016,,,,,261075.0984,348877,2490000,5080000,25750002.06,138889,,,4166670,,,,,,,,,56000,19000,,,,,,,,,,29300000,
TOYOTA MOTOR CORP,2017,,,,,246038.5242,364445,1750000,4190000,19194445.98,27777.8,,,4027781,35700000,,,,,,,,38000,16000,,,,,,,,44500000,2800000,44500000,
TOYOTA MOTOR CORP,2018,262,556,,,266062.8991,369124,1920000,4080000,19527779.34,27777.8,,,4277781.2,39000000,,,,,,,,40000,18000,,,,,,,,44400000,3100000,44400000,
TOYOTA MOTOR CORP,2019,252,511,,,277320.6232,370870,1900000,3780000,19444446,27777.8,,,4138892.2,38400000,,,,,,,,45000,23000,,,,,,,,44000000,3300000,44000000,
TOYOTA MOTOR CORP,2020,184,406,,,277084.7092,359542,1640000,3260000,17083334.7,0,,,3472225,31200000,,,,,,,,42000,17000,,,,,,,,36800000,1100000,,0
TOYOTA MOTOR CORP,2021,,,,,247989.4499,366283,1928167,4496359,,,,,,,,,,,,,,,,,,,,,,,,,,
TOYOTA MOTOR CORP,2022,,,,,252271.5458,372817,,,,,,,,,,,,,,,,,,,,,,,,,,,,
UNITEDHEALTH GRP,2016,,,,,184840,230000,15838,,372857,,,,,,,13487,,,,7514,,,,,,,,,,,,,850000,
UNITEDHEALTH GRP,2017,,,,,201159,260000,16570,,366475,,,,,,,15898,,,,8824,,,,,,,,,,,,,820000,
UNITEDHEALTH GRP,2018,,,,,226247,300000,13933,,365005,,,,,,,15521,,,,8475,,,,,,,,,,,,,740000,
UNITEDHEALTH GRP,2019,,,,,242155,325000,17709,,,,,,,,,7964,,,,7964,,,,,,,,,7398,,650000,,650000,
UNITEDHEALTH GRP,2020,,,,,257141,330000,24487,,381692,,1315.37,,48327.23,,,6709,,,,6709,,,,,,,,,7658,,,,560000,
UNITEDHEALTH GRP,2021,,,,,287597,350000,97537,,1151438,,,,,,,7099,,,,7099,,,,,,,,,10478,,,,860000,
VERIZON COMMUNICATIONS,2016,,,,,125980,160900,372496,5259727,,,,,,,,,,,,33886.3145,,,,,,,,,,,,,,
VERIZON COMMUNICATIONS,2017,,,,,126034,155400,376735,4522261,,,,,,,,,,,,38450,,,,,,,,,,,,,,
VERIZON COMMUNICATIONS,2018,,,,,130863,144953,385241,4033579,11836047.06,,,,,,,,,,,,,,,,,,,,,,8706447.094,,,
VERIZON COMMUNICATIONS,2019,,,,,131868,135670,358753,4006874,11791884.55,,,,,,,,,,,,,,,,,,,,,,8895717.683,,8895717.683,
VERIZON COMMUNICATIONS,2020,,,,,128292,132200,336831,3753660,11427436.75,,,,,,,,,,,,,,,,,,,,,,7760094.149,,7760094.149,
VERIZON COMMUNICATIONS,2021,,,,,133613,118400,380419,4492040,,,,,,,,,,,,,,,,,,,,,,,,,,
VOLKSWAGEN VORZUG,2016,5127,,,,228903.8205,626715,4230000,5280000,23500000,,,,,32170000,,3112108,55376,,,2942654,,,,264316,2847792,,150238,2792416,169454,114078,,,,52250000
VOLKSWAGEN VORZUG,2017,5120,,,,274970,642292,4040000,4910000,24200000,,,,,32850000,,3220574,88168,,,3034924,,,,267053,2953521,,169571,2865353,185650,97482,,,,53770000
VOLKSWAGEN VORZUG,2018,,,,,269762,655722,3910000,4290000,24120000,,,,,30650000,,3302955,65588,,,3153424,,,,254445,3048510,,170502,2982922,149531,83943,,,,55680000
VOLKSWAGEN VORZUG,2019,4209,,,,307025.2,671205,4400000,3800000,23420000,,,,,29930000,3906,3135573,48683,,,3016156,,,,241897,2893676,,171163,2844993,119417,70734,,,,46920000
VOLKSWAGEN VORZUG,2020,4135,691,,,247055.7698,662575,4340000,2800000,21590000,,,,,25790000,3374,2489035,36204,,,2389446,,,,213535,2275500,,150150,2239296,99589,63385,,,,41750000
VOLKSWAGEN VORZUG,2021,,,,,295990.1756,672789,4740000,2420000,21980000,,,,,,,,28961,,,,,,,,,,,,,54369,,,,39690000
WALMART,2016,,,,,482130,2300000,14080000,6650000,,,,,,,,,,,,,,,,,,,,,,,,,,
WALMART,2017,,,,,485873,2300000,6523390,6520000,44291504,,6293368,,6751235,,,,,,,,,,,,,,,,,,,,,
WALMART,2018,,,,,500343,2300000,6101641,6100000,43150528,,5375905,,7813754,,,,,,,,,,,,,,,,,,,,,
WALMART,2019,,,,,514405,2200000,6484616,12160000,42589868,,5199636,,7881289,,,,,,,,,,,,,,,,,,,,,
WALMART,2020,,,,,523964,2200000,7236499,12020000,41676262,,6596320,,7552021,,,,,,,,,,,,,,,,,,,,,
WALMART,2021,,,,,559151,2300000,7370161,9618958,38333336.4,,,,,,,,,,,,,,,,,,,,,,,,,
WALMART,2022,,,,,572754,2300000,,,,,,,,,,,,,,,,,,,,,,,,,,,,
ABBVIE INC,2016,,,,,25638,28939,305000,305000,2085000,,,,,3440000,,35700,,,,28470.83,,,,13600,22100,,12063.2,16407.63,14700,,34900000,,4700000,4700000
ABBVIE INC,2017,,,,,28216,29777,299000,284000,2051000,,,,,3250000,,32800,,,,27799.79,,,,14500,18300,,12861.5,14938.29,11300,,34100000,,4360000,4360000
ABBVIE INC,2018,,,,,32753,30612,315000,271000,2146000,,,,,3260000,,32000,,,,27224.52,,,,15600,16400,,13837.2,13387.32,9800,,35100000,,4400000,4400000
ABBVIE INC,2019,,,,,33266,30776,315000,250000,2112000,,,,,3130000,,33400,,,,28515.81,,,,17700,15700,,15699.9,12815.91,9800,,31700000,,4330000,4300000
ABBVIE INC,2020,,,,,45804,47000,265000,,1978000,,,,,3060000,,30600,,,,,,,,15800,14800,,14500,7100,8700,,34700000,,4060000,4060000
ABBVIE INC,2021,,,,,56197,50000,367954,,2654868,,354507,,1000684,,,36900,,,,15498,,,,,,,,,,,,,5220000,
ALIBABA GRP-ADR,2016,,,,,15222.11415,36446,,,,,,,,,,,,,,,,,,,,,,,,,,,,
ALIBABA GRP-ADR,2017,,,,,22775.4847,50097,,,,,,,,,,,,,,,,,,,,,,,,,,,,
ALIBABA GRP-ADR,2018,,,,,36386.17374,66421,,,,,,,,,,,,,,,,,,,,,,,,,,,,
ALIBABA GRP-ADR,2019,,,,,53926.3764,101958,,,,,,,,,,,,,,,,,,,,,,,,,,,,
ALIBABA GRP-ADR,2020,,,,,72510.72632,117600,510026,3709747,,,,,,,,,,,,,,,,,,,,,,,,,,
ALIBABA GRP-ADR,2021,,,,,102040.4629,251462,,,,,,,,,,,,,,,,,,,,,,,,,,,,
ALIBABA GRP-ADR,2022,,,,,121355.3273,254941,926779,4445238,8786584,,1574186.398,3274.06,124121.008,,,,,,,,,,,,,,,,,,,,,
ALLIANZ,2016,,,,,135455.5075,140253,55991,,776146.7288,,,,,,,,,,,,,9282.65,3408.64,,21438,,,8618.076,,,,,1887526,
ALLIANZ,2017,,,,,142557.4527,140553,51838,,773105.0618,,,,,,,,,,,,,8482.23,4165.96,,21474,,,8739.918,,,,,1940030,
ALLIANZ,2018,,,,,126889,142460,46734,,732332.8364,,,,,,,,,,,,,7888.72,3875.85,,19575,,,7810.425,,,,,1830782,
ALLIANZ,2019,,,,,130381.8044,147268,42011,,704531.723,,,,,,,,,,,,,7719.61,3801.612,,19396,,,7855.38,,,,,1883352,
ALLIANZ,2020,,,,,155687.3448,150269,28714,,588968.936,,,,,,,,,,,,,5210.99,2591.1,,14395,,,6564.12,,,,,1592564,
ALLIANZ,2021,,,,,175690.6354,155411,28699,,539791.1543,,,,,,,,,,,,,4367.17,2038.82,,12064,,,5621.82,,,,,1237598,
ALPHABET INC-A,2016,,,,,90272,72053,66218,,6513720,,,,,,,,,,,34877,,,8181.02,,43058,,,,,,9463529.45,,9463520,
ALPHABET INC-A,2017,,,,,110855,80110,66549,,8029410,,,,,,,,,,,44291.3,,,9071.71,,53363,,,,,,11624999.58,,11625000,
ALPHABET INC-A,2018,,,,,136819,98771,63521,,10572500,,,,,,,,,,,45690.4,,,11422.6,,57113,,,,,,15785167.12,,15785200,
ALPHABET INC-A,2019,,,,,161857,118899,66686,,12749500,,,,,6620680,,,,,,39228.9,,,12388.1,,51617,,,,,,19536500,,12915800,
ALPHABET INC-A,2020,,,,,182527,135301,38694,,15439538,,,,,7343698.853,,,,,,22225.28,,,6638.72,,28864,,,,,,21535207.62,,14191508.76,
ALPHABET INC-A,2021,,,,,257637,156500,45073,,18571659,,,,,6567689.438,,,,,,21677.81,,,6475.19,,28153,,,,,,23836737.98,,17269048.54,
AMAZON.COM INC,2016,,,,,135987,341400,2272176,1818190,,,,,,,,,,,,,,,,,,,,,,,,,,
AMAZON.COM INC,2017,,,,,177866,566000,2971922,2378126,,,,,,,,,,,,,,,,,,,,,,,,,,
AMAZON.COM INC,2018,,,,,232887,647500,4980000,4710000,,,,,,,,,,,,,,,,,,,,,,,,,,
AMAZON.COM INC,2019,,,,,280522,798000,5760000,5500000,,,,,,,,,,,,,,,,,,,,,,,,,,
AMAZON.COM INC,2020,,,,,386064,1298000,9620000,5270000,,,,,,,,,,,,,,,,,,,,,,,,,,
AMAZON.COM INC,2021,,,,,469822,1608000,12110000,4070000,,,,,,,,,,,,,,,,,,,,,,,,,,
APPLE,2016,,,,,215639,116000,34370,,,,10380,,132970,,,29393.80054,,,,12588.7,,,9651.28,1021.13,,6132.74,,,,,2384810,0,,0
APPLE,2017,,,,,229234,123000,45400,,,,21360,,165330,,,52973.13121,,,,30872.5,,,14105,1492.28,,6503.35,,,,,3785410,90849.8,,3391730
APPLE,2018,,,,,265595,132000,54590,,,,24810,,189280,,,52024.10798,,,,30127.6,,,14452.2,2802.59,,4641.71,,,,,4762050,238481,,3993610
APPLE,2019,,,,,260174,137000,50540,,,,18970,,190260,,,57483.55965,,,,32797.9,,,17105.9,2721.69,,4858.09,,,,,4989170,401253,,4357010
APPLE,2020,,,,,274515,147000,47430,,,,10940,,202360,,,44991.68605,,,,28838.66608,,,11529.72089,1809.720487,,2813.578594,,,,,4871822.67,427751.33,,4421358.88
APPLE,2021,,,,,365817,154000,55200,,,,20730,34880,203010,2918552.482,,51660.81299,14822.42494,,,33101.42017,,,14822.42494,1574.037225,,2162.930648,,,,,5326074.374,533743.061,,4765833.431
APPLE,2022,,,,,,,,,,,,,,,,,,,,,,,,,,,,,,,,,,
AT&T,2016,,,,,163786,268540,1080000,,20000000,,,,,,,,,,,,,,,,,,,,,,,,11620000,
AT&T,2017,,,,,160546,254000,1070000,6950000,19500000,,,,,,,201395,,,,67585,,,,,,,,,,,,,9840000,
AT&T,2018,,,,,170756,268220,1020000,6660000,18700000,,,,,,,191865,,,,72412,,12.17,116081.23,162.2,191703,,79.96,72323,,,,,9650000,
AT&T,2019,,,,,181193,247800,990000,5530000,17900000,,,,,,,245645,,,,91995,,4.03,152707,24.89,245620,,4.84,91958,,,,,11400000,
AT&T,2020,,,,,171760,230760,1040000,,17500000,,625173,1858128,433589,,,199749,,,,80008,,2.6,117698.1,35.51,199714,1296,13.9,79994,,,,,10130000,
AT&T,2021,,,,,168864,203000,997129,,17000000,,,,510580,,,190223,,,,76626,,1.82,112181.93,168.81,190054,874,132.01,76494,,,,,10150000,
AXA,2016,,,,,110861.7838,115819,34246,57289,404466,,,,,,,,,,,,,,,,8960,,,4253,,,,,1008150,
AXA,2017,,,,,111102.3426,115328,"32,950",55120,363283,,,,,,,,,,,,,,,,7889,,,3588,,,,,927017,
AXA,2018,,,,,121422.5013,124355,38778,69160,344684,,,,,,,,,,,,,,,,7735,,,3223,,,,,1003960,
AXA,2019,,,,,115899.4151,121337,37889,62765,305484,,,,,,,,,,,,,,,,6935,,,2289,,,,,850506,
AXA,2020,,,,,107212.6094,117623,26292,40894,260992,,,,,,,,,,,,,,,,5430,,,2715,,,,,566155,
AXA,2021,,,,,118219.8011,114749,23362,56767,233927,,,,,,,,,,,,,,,,4289,,,2144.5,,,,,370300,
BANK OF AMERICA CORP,2016,21,1,,,83701,210247,84825,,2450468.252,,,,242386.9391,6564000,,113191,39820,,,73370,,,,,113191,,642,72728,39821,1,8380000,,,
BANK OF AMERICA CORP,2017,20,1,,,87126,209376,59451,,2372102.69,,,,234903.2681,6375000,,100657,45690,,,54965,,,,,100657,,1051,53914,45692,2,8010000,,,
BANK OF AMERICA CORP,2018,20,1,,,91020,204489,62258,,2303729.907,,,,246242.2477,6038000,,95089,42424,,,52664,,,,,95089,,670,51994,42424,1,7730000,,,
BANK OF AMERICA CORP,2019,20,1,,,91244,208131,62639,,2254529.347,,,,248405.8761,,,103428,43032,,,60363,,,,,102961,,466,59897,43033,0.5,7550000,,,
BANK OF AMERICA CORP,2020,19,1,,,85528,213000,53390,,2109927.113,,,,209163.8955,,,76752,29115,,,47637,,,,,76241,,511,47126,29115,0.7,6690000,,,
BANK OF AMERICA CORP,2021,19,1,,,89113,208000,57076,,2062120.165,,,,210720.8502,,,67282,21957,,,45325,,,,,66775,,507,44818,21957,0.5,6325000,,,
BERKSHIRE HATHAWAY B,2016,,,,,215114,367671,732137,542198,,,,,,,,,,,,,,,,,,,,,,,,,,
BERKSHIRE HATHAWAY B,2017,,,,,239933,377291,732137,542201,,,,,,,,,,,,,,,,,,,,,,,,,,
BERKSHIRE HATHAWAY B,2018,,,,,247837,389373,732137,542202,,,,,,,,,,,,,,,,,,,,,,,,,,
BERKSHIRE HATHAWAY B,2019,,,,,254616,391539,732137,542203,,,,,,,,,,,,,,,,,,,,,,,,,,
BERKSHIRE HATHAWAY B,2020,,,,,245510,360000,732137,542202,,,,,,,,,,,,,,,,,,,,,,,,,,
BERKSHIRE HATHAWAY B,2021,,,,,276094,371653,732137,542205,,,,,,,,,,,,,,,,,,,,,,,,,,
BMW STAMM,2016,599,8,,,104189.6954,124729,562146,868089,5783841,,,,2575089,3312562,2085.398,762924,3732,,,754486,,,,35074,727364,,30855,723632,7951,4219,,,5017816,
BMW STAMM,2017,642,10,,,110801.3317,129932,625072,510911,5852666,,,,2624557,3633306,2273.678,785209,4039,,,776179,,,,41371,743838,,36379,739799,9031,4992,,,5073220,
BMW STAMM,2018,722,11,,,114318.2569,134682,581703,538622,5788965,,,,2669457,3432982,1902.577,789817,5189,,,779911,,,,41976,747841,,37259,742652,9906,4717,,,5425073,
BMW STAMM,2019,693,10,,,116658.4056,126016,642259,302574,5974625,,,,3005902,3578497,1960.211,780911,4855,,,771162,,,,49466,731445,,44572,726590,9749,4894,,,5417428,
BMW STAMM,2020,670,11,,,109725.4655,120726,678967,130090,6040824,,,,3206948,3378877,1491.848,775459,3286,,,,,,,48149,727311,,44267,724025,,3882,,,4722310,
BMW STAMM,2021,,,,,131597.3267,118909,699713,134849,6476955,,,,3517068,,,829498,,,,822848,,,,,,,,,6650,,,,4924477,
BP,2016,125000,36000,,,183008,74500,51400000,6200000,210833350.2,,,,,76000000,3307,,,,,130400,,,,228400,242400,,,,,,,800000,87400000,255700000
BP,2017,122000,35000,,,240208,74000,50500000,6100000,206111127.6,,,,,80000000,2650,,,,,136000,,,,171000,286500,,,,,,,600000,90500000,274900000
BP,2018,115000,32000,,,298756,73000,48800000,5400000,209722239,,,,,78000000,2804,,,,,112700,,,,182800,241500,,,,,,,2200000,88200000,268800000
BP,2019,110000,23000,,,159307,70100,49200000,5200000,211111128,,,,,78000000,2825,,,,,194000,,,,142600,228300,,,,,,,2300000,91100000,281000000
BP,2020,79000,19000,,,105944,63600,41700000,3800000,180460000,,4130000,,153140000,76000000,2340,,203100,,,,,,,133700,406300,,53100,203200,,80600,,3100000,75400000,275600000
BP,2021,43000,10000,,,157739,65900,33200000,2400000,128805000,,,,,59000000,1741,,175600,,,,,,,156500,370100,,59100,194500,,97400,,2400000,53600000,239400000
CHEVRON CORP,2016,148000,66000,,,110215,51953,66000000,,243333352.8,,,,,,,,,,,,,,,600000,,,300000,,,400000,,,79000000,80000000
CHEVRON CORP,2017,147000,52000,,,134674,51754,67000000,,246944464.2,,,,,,,,,,,,,,,400000,,,100000,,,300000,,,71000000,72000000
DEUTSCHE TELEKOM,2020,,,,,111953.4269,226291,235261,,12800000,,359271.581,180020.7218,,,,,,,,,,,,7886,70528,,,,,,,,2815364,
DEUTSCHE TELEKOM,2021,,,,,128711.9549,216528,218731,,13300000,,317075.8023,155104.209,,,,86636,,,,,,,,7312,79325,,,,,,,,2634203,
EXXON MOBIL CORP,2016,130000,110000,,,200628,71000,105000000,8000000,416666666.7,,,,,,,,,,,,,,,1500000,,,,,,,,,280000000,430000000
EXXON MOBIL CORP,2017,120000,100000,,,237162,70000,100000000,9000000,388888888.9,,,,,,,,,,,,,,,1700000,,,,,,,,,290000000,440000000
EXXON MOBIL CORP,2018,120000,100000,,,279332,71000,101000000,9000000,416666666.7,,,,,,,,,,,,,,,1200000,,,,,,,,,310000000,470000000
EXXON MOBIL CORP,2019,120000,90000,,,255583,75000,97000000,9000000,4166666667,,,,,,,,,,,,,,,1600000,,,,,,,,,300000000,460000000
EXXON MOBIL CORP,2020,100000,70000,,,178574,72000,92000000,7000000,416666666.7,,,,,,,,,,,,,,,1000000,,,,,,,,,300000000,460000000
EXXON MOBIL CORP,2021,,,,,276692,63000,92000000,7000000,416666666.7,,,,,,,,,,,,,,,,,,,,,,,,,
FACEBOOK INC-A,2016,,,,,27638,17048,9000,,,,,,,,,,,,,,,,,,,,,,,,1129000,426000,,
FACEBOOK INC-A,2017,,,,,40653,25105,25000,591000,,,,,,,,,,,,,,,,,,,,,,,1609000,469000,838000,
FACEBOOK INC-A,2018,,,,,55838,33587,42000,314000,,,,,,,,,,,,,,,,,,,,,,,2367000,673000,1279000,
FACEBOOK INC-A,2019,,,,,70697,44942,44000,208000,,,,,,,,,,,,,,,,,,,,,,,3430000,854000,1971000,
FACEBOOK INC-A,2020,,,,,85965,58604,29000,9000,7520833.935,,,,,1524000,,,,,,,,,,,,,,,,,3726000,643000,2202000,
FACEBOOK INC-A,2021,,,,,117929,71970,55000,2000,10275834.16,,242220.98,37104.76,184737.1305,2474000,,,,,,,,,,,,,,,,,5043000,580000,2569000,
FORD MOTOR CO,2016,,,,,151800,201000,1300000,3310000,,,,,,11000000,,,,,,,,,,,,,,,,,,,24700000,
FORD MOTOR CO,2017,,,,,156776,202275,1320000,3120000,,,,,,11200000,,,,,,,,20300,24500,,,4800,,,,,,,24100000,
FORD MOTOR CO,2018,,,,,160338,198964,1270000,3110000,13800000,,,,,10300000,,1360000,,,,,,14300,24100,51700,1303100,5500,17600,1207500,,,,,22300000,
FORD MOTOR CO,2019,,,,,155900,190433,1140000,2600000,12970000,,,,,9100000,,1216000,,,,,,11600,27200,44200,1166000,5600,15500,1080100,,,19417000,,19400000,
FORD MOTOR CO,2020,,,,,127144,186401,940000,2020000,10440000,,,,,6300000,,986000,,,,,,8800,17500,39600,946300,2900,19800,905800,,,,,15600000,
FORD MOTOR CO,2021,,,,,136341,182789,1080000,2070000,9840000,,,,,7100000,,,,,,,,10500,16300,36800,,3100,10400,762500,,,,,14200000,
HSBC HOLDINGS (GB),2016,,,,,41180,235175,"25,719",444110,1250000,,,,,,,,8000,,,,,,,,26000,,,18000,,,,,2841000,
HSBC HOLDINGS (GB),2017,,,,,40028,228687,27648,,1134000,,,,,,,,8000,,,,,,,,25000,,,16000,,,,,2691000,
HSBC HOLDINGS (GB),2018,,,,,45139,240578,26403,,1092000,,,,,,,,8000,,,,,,,,23000,,,14000,,,,,2425000,
HSBC HOLDINGS (GB),2019,,,,,41487,240946,28025,,1049000,,,,,,,,8000,,,,,,,,21000,,,13000,,,,,2400000,
HSBC HOLDINGS (GB),2020,,,,,38080,231040,25228,,928000,,,,,,,,7000,,,,,,,,17000,,,10000,,,,,2065000,
HSBC HOLDINGS (GB),2021,,,,,37139,219697,22000,307000,833,,,,,,,13000,,,,8000,,,,,,,,,5000,,,,1594000,
ICBC H,2021,,,,,,,3906,62602,,,,,,,,,,,,,,,,,,,,,,,,,,
INTEL CORP,2016,,,,,59387,106000,976000,,6500000,,,,,32009440,,177000,,,,,,,12390,63600,81000,,49700,66000,,,,17428030,,35580000
INTEL CORP,2017,235.8,,,,62761,102700,1490000,,7330000,,13000,,1390000,34390500,,183000,,,,,,,16470,78800,108000,,53800,92000,,,,13260000,10288740,42055000
INTEL CORP,2018,306,,,,70848,107400,1458000,,8340000,,18000,,1620000,40168000,,205000,,,,,,,14350,95200,129000,,64900,116000,,,51710000,16475000,11541000,48421000
INTEL CORP,2019,342,,,,71965,110800,1489000,,9570000,,13000,,1800000,43621000,,387000,,,,,,,11610,124700,262000,,100400,244000,,,54651000,16477000,11028000,47546000
INTEL CORP,2020,405,,,,77867,110600,1973000,909000,10650000,,10000,,1830000,47261000,,414000,,,,,,,20700,143000,271200,,111540,254928,,,60279000,13017000,13017000,52428000
INTEL CORP,2021,513.9,,,,79000,121100,2181000,,11638889.82,,12000,,1990000,49739000,,344000,,,,,,,17200,148000,109900,,109520,97811,,,60530000,,10791000,54102000
JOHNSON&JOHNSON,2016,292,68,,,71890,126400,463622,,3558610,,175279,,1421120,7780000,,0,,,,0,,12170,19599,52392,125526,,36724,91609,,,0,880000,4210000,10680000
JOHNSON&JOHNSON,2017,290,99,,,76450,134000,474497,,3523610,,258058,,1358900,7650000,,0,,,,0,,7477,19681,48743,137732,,37833,105522,,,0,910000,4480000,11390000
JOHNSON&JOHNSON,2018,288,64,,,81581,135100,452407,,3668890,,164446,,1394460,7510000,,0,,,,0,,7120,17340,52672,141770,,43784,114979,,,0,840000,4540000,11530000
JOHNSON&JOHNSON,2019,254,51,,,82059,132200,415094,,3528330,,129168,,1335570,7770000,,0,,,,0,,6296,15961,53425,141848,,44337,117193,,,0,810000,4570000,11580000
JOHNSON&JOHNSON,2020,45,65,,,82584,136400,363924,,3320555.821,,170279.14,,1225565.36,7310000,,0,,,,0,,7623,10393,53944,129090,,44883,113424,,,0,750000,4280000,10880000
PFIZER,2016,,,,,52824,96500,940953,,,,,,,,,,,,,,,,,,,,,,,,15830000,,,
PFIZER,2017,,,,,52546,90200,788838,,4722222.6,,,,,,,164000,14500,,,,,,,131100,32900,,51000,18400,,80100,14760000,,,
PFIZER,2018,,,,,53647,92400,756964,,5658241,77498,120034,270696,2737326,,,161400,23400,,,,,,,118800,42600,,48200,19200,,70600,15510000,,,
PFIZER,2019,,,,,51750,88300,697313,,4722222.6,,,,,,,,22500,,,,,23100,15400,131900,41200,,51800,18700,,80100,15050000,,,
PFIZER,2020,,,,,41908,78500,654460,,4499278,95296,70635,122222,2713435,,,168100,20900,,,,,27500,13800,128300,39800,,46100,18900,103120,82200,14010000,,,
PFIZER,2021,,,,,81288,79000,662438,1339701,,,,,,23500000,,,16100,,,,,18400,10700,82700,40100,,19500,24000,,63200,27500000,,4000000,
PING AN INS A (HK-C),2016,,,,,116627.8245,318600,,,,,,,23092.2,,,,,,,,,,,,,,,,,,,,816488,
PING AN INS A (HK-C),2017,,,,,144254.8768,342600,3774,123860,,,,,17890.2,,,,,,,,,,,,9186,,,,,,,,1101830,
PING AN INS A (HK-C),2018,,,,,163791.4543,376900,3774,123860,,,,,18961.2,,,,,,,,,,,,8957,,,,,,,,1173300,
PING AN INS A (HK-C),2019,,,,,184362.6732,376900,7156,720605,,,1754.23,,31753.1,,,,,,,,,,,,309631,,,,,,,,9279230,
PING AN INS A (HK-C),2020,,,,,187982.953,361600,2114.51,478287.47,,,42.55729,,9970.347762,,,,,,,,,,,,331125,,,,,,,,26831408,
PING AN INS A (HK-C),2021,,,,,199616.5718,355982,6121.76,376336.09,,,57.89316,,28502.75335,,,,,,,,,,,,210773,,,,,,,,5088733,
PJSC Gazprom,2016,138820,64830,,,91653.05446,467400,101240000,4508363,,,,,,11690000,,273650,,,,,,,,,,,,,,,,,,
PJSC Gazprom,2017,167400,56010,,,112272.0297,469600,113170000,5540559,,,,,,10740000,,260700,,,,,,,,,,,,,,,,,,
PJSC Gazprom,2018,183710,56490,,,131493.7639,466100,120090000,8210000,,,,,,9780000,,285900,,,,,,,,,,,,,,,,,,
PJSC Gazprom,2019,172340,59290,,,118422.8587,473800,117090000,6080000,,,,,,18890000,,264240,,,,,,,,,,,,,,,,,,
PJSC Gazprom,2020,155600,55830,,,90878.65,477600,100970000,4770000,,,,,,23080000,,272240,,,,,,,,,,,,,,,,,,
PJSC Gazprom,2021,200190,50010,,,139011.5026,479200,119870000,4700000,,,,,,21430000,,290760,,,,,,,,,,,,,,,,,,
PROCTER & GAMBLE,2016,,,,,65299,105000,2133000,2770000,16389020,,,,,,18000,640000,46000,,,532440,,,,,,,,,,8000,,,63219000,
PROCTER & GAMBLE,2017,2500,180,,,65058,95000,2122000,2437000,16666800,,,,,,19000,632000,43608,,7000,585230,,,,,,,,,,3160,,,61826000,
PROCTER & GAMBLE,2018,2500,140,,,66832,92000,2143000,1910000,16944580,,,,,,21000,624000,34944,,19000,586560,,,,,,,,,,2496,,,63666000,
PROCTER & GAMBLE,2019,2400,150,,,67684,97000,2210000,1840000,16944580,,,,,,16000,655000,24890,,8000,627490,,,,,,,,,,2620,,,63125000,
PROCTER & GAMBLE,2020,2400,100,,,70950,99000,2218000,,17500014,,,,,,15000,874000,7000,,4000,865260,,,,,,,,,,1748,,,67049000,
PROCTER & GAMBLE,2021,,,,,76100,101000,2242000,156000,17554736.27,,,,,,,,,,,,,,,,,,,,,,,,,
PROCTER & GAMBLE,2022,,,,,80187,106000,,,,,,,,,,,,,,,,,,,,,,,,,,,,
Reliance Industries,2016,,,,,45514.47957,24121,22446185,673289,,,,,,28540680,,,,,,,,,,,,,,,,,140121010,62899700,,
Reliance Industries,2017,,,,,52213.17508,24167,24437399,733017,,,,,,29751930,,,,,,,,,,,,,,,,,150518830,68267930,,
Reliance Industries,2018,36730,22260,,,61283.71744,29533,31500000,820000,,,,,,30054390,,,90900,,,,,,,125450,909990,,,,,68390,155387710,68877330,,97612458
Reliance Industries,2019,34430,22610,,,82807.2,28967,29360000,1140000,,,,,,27871900,,,,,,,,,,89690,798600,,,,,,179550000,73100000,,
Reliance Industries,2020,42010,22530,,,83517.7335,26488,47500000,1450000,,,,,,,,,,,,,,,,92400,606600,,,,,,,74400000,,
Reliance Industries,2021,39880,21610,,,62814.96041,236334,44670000,1250000,,,,,,,,,,,,,,,,,,,,,,,,,,
Reliance Industries,2022,37850,20740,,,103424.3182,342982,43960000,1190000,147277789.6,,,,,32940000,,,798930,,,,,,,,,,58660,,,17710,224190000,103540000,,
Shell Plc,2016,113000,83000,,,233591,91000,72000000,,266000000,,,,,,,2148000,,,,653000,,,,658000,1491000,,,,,,,,154000000,198000000
Shell Plc,2017,107000,81000,,,305179,86000,73000000,,269000000,,,,,,,2020000,,,,404000,,,,638000,1382000,,,,,,,,154000000,204000000
Shell Plc,2018,111000,74000,,,388379,82000,71000000,,268000000,,,,,,,1999000,,,,419000,,,,592000,1407000,,,,,,,,147000000,199000000
Shell Plc,2019,108000,65000,,,344877,87000,70000000,,264000000,,,,,,,2113000,,,,441000,,,,698000,1414000,,,,,,,,145000000,192000000
Shell Plc,2020,118000,36000,,,180543,87000,63000000,,241000000,,,,,,,2049000,,,,448000,,,,558000,1491000,,,,,,,,127000000,171000000
Shell Plc,2021,105000,32000,,,261504,82000,60000000,10937254,223000000,,,,,,,1993000,,,,399000,,,,1025000,969000,,,,,,,,122000000,166000000