,General info,,,,,,,Headcount data,Scopes,,,,,,,,,,,,,Water,,,
,COMPANY_NAME,HQ_country,ISO_CODE,REPORTING_YEAR,ANNUAL_REVENUE,TOTAL_ASSETS_VALUE,SECTOR,NUMBER_OF_EMPLOYEES,SCOPE_1_EMISSIONS_TOTAL,SCOPE_2,SCOPE 1+2,GHG_INTENSITY,CONSUMPTION_TOTAL_ENERGY,TOTAL_WATER_DISCHARGE_OR_WASTEWATER_GENERATION,COD_OR_CHEMICAL_OXYGEN_DEMAND,TOTAL_WASTE_GENERATED,RECOVERED_OR_RECYCLED_TOTAL_WASTE,TOTAL_HAZARDOUS_WASTE_GENERATED,TOTAL_NON_HAZARDOUS_WASTE_GENERATED,RECOVERED_HAZARDOUS_WASTE,RECOVERED_NON_HAZARDOUS_WASTE,WITHDRAWAL_TOTAL_WATER,RECYCLED_WATER_OR_REUSE_WATER_OR_TREATED_WATER,CONSUMPTION_TOTAL_WATER,WITHDRAWAL_TOTAL_FRESHWATER
0,Samsung Electronics Co,South Korea,KOR,2016,174211.0009,"217,080,000,000",Electronics,"277,000",,,"6,890,000",,21073000,81716000,1639,1078310,1022690,349404,728905,,,,48602000,104253000,
1,Samsung Electronics Co,South Korea,KOR,2017,212024.2078,"282,440,000,000",Electronics,"282,000",,,"13,110,000",,23419000,95919000,1771,1146810,1088980,386349,760463,,,,56154000,120618000,
2,Samsung Electronics Co,South Korea,KOR,2018,221588.2162,"303,390,000,000",Electronics,"287,000",,,"15,980,000",,26028000,107699000,2407,1210520,1157620,396690,813831,,,,62371000,134230000,
3,Samsung Electronics Co,South Korea,KOR,2019,197683.9559,"304,260,000,000",Electronics,"292,000",,,"16,000,000",,26899000,108460000,1047,1099197,1045122,321627,777570,,,,68555000,134479000,
4,Samsung Electronics Co,South Korea,KOR,2020,200606.179,"346,840,000,000",Electronics,"297,000",,,"17,230,000",,29024000,109201000,1033,1181741,1125037,345866,835875,,,,70181000,142294000,
5,Samsung Electronics Co,South Korea,KOR,2021,244427.2226,"358,560,000,000",Electronics,"302,000","7,604,000","12,566,000","19,200,000","85,8",32322000,130955000,906,1324972,1268985,421219,903753,,,,93949000,163660000,
6,SAUDI ARAMCO,Saudi Arabia,SAU,2016,462200,,Oil & Gas,"76,300",,,,,,,,,,,,,,,,,
7,SAUDI ARAMCO,Saudi Arabia,SAU,2017,264176,"249,010,000,000",Oil & Gas,"78,200",,,,,,,,,,,,,,,,,
8,SAUDI ARAMCO,Saudi Arabia,SAU,2018,359204,"359,170,000,000",Oil & Gas,"80,100",,,,,,,,,,,,,,,,,30500000
9,SAUDI ARAMCO,Saudi Arabia,SAU,2019,329809,"398,43",Oil & Gas,"82,000","52,000,000","19,000,000","71,000,000","10,4",,,,232000,,,,,,,,,36200000
10,SAUDI ARAMCO,Saudi Arabia,SAU,2020,229891,"510,47",Oil & Gas,"83,900","50,200,000","18,100,000","68,300,000","10,6",,,,231000,,,,,,,,,32900000
11,SAUDI ARAMCO,Saudi Arabia,SAU,2021,400468,"576,72",Oil & Gas,"85,800","55,300,000","15,500,000","70,800,000","10,7",,,,158000,,,,,,,,,33800000
12,SOFTBANK GROUP CORP,Japan,JPN,2016,81639.30467,1,Telecommunications,63591,11456,785893,797349,,,,,,,,,,,,,,
13,SOFTBANK GROUP CORP,Japan,JPN,2017,79355.53041,1,Telecommunications,"19,408",11386,711128,722514,"84,9","1,418,791",,,,,,,,,,,,
14,SOFTBANK GROUP CORP,Japan,JPN,2018,82942.41695,1,Telecommunications,"19,993",11456,682497,693953,"68,2","1,355,703",,,,,,,,,,,,
15,SOFTBANK GROUP CORP,Japan,JPN,2019,88100.49979,1,Telecommunications,"27,568",14454,760305,774759,"62,8","1,644,234",,,,,,,,,,,,
16,SOFTBANK GROUP CORP,Japan,JPN,2020,57261.59099,1,Telecommunications,"29,212",15803,760301,776104,"41,1","1,680,530",,,,,,,,,,,,
17,SOFTBANK GROUP CORP,Japan,JPN,2021,51285.94013,1,Telecommunications,"54,778",15416,605513,620929,"35,9","2,263,151",,,,,,,,,,,,
18,SOFTBANK GROUP CORP,Japan,JPN,2022,50017.22938,1,Telecommunications,"59,721",12052,708450,720502,"14,1",2262843,,,,,,,,,,,,
19,SONY CORP,Japan,JPN,2016,74505.88902,1,Electronics,125300,299974,1263190,1563164,,,11777300,12,60117,57232,,,,,,,12374977,
20,SONY CORP,Japan,JPN,2017,67785.60447,1,Electronics,128400,269279,1084907,1354186,,6388889.4,11598600,16,50007,47704,,,,,,,11626474,
21,SONY CORP,Japan,JPN,2018,77374.89907,1,Electronics,117300,234291,1156316,1390607,,6666667.2,14377600,47,54544,52587,,,,,,,13914134,
22,SONY CORP,Japan,JPN,2019,79507.66423,1,Electronics,114400,187123,1151882,1339006,,6388889.4,14478900,30,48799,46572,,,,,,,13640493,10140000
23,SONY CORP,Japan,JPN,2020,76470.01533,1,Electronics,111700,187829,1188286,1376115,,6666667.2,8370000,105,48186,47198,,,,,,,15297545,10220000
24,SONY CORP,Japan,JPN,2021,84847.07,1,Electronics,109700,189000,1204000,1393000,,6666666.667,15500000,79,51362,50457,,,,,,,15600000,
25,SONY CORP,Japan,JPN,2022,88291.15,1,Electronics,108900,,,,,,,,,,,,,,,,,
26,TAIWAN SEMICONDUCTOR,Taiwan,TWN,2016,28091.61873,1,Information Technology,46968,2035510,5378443,7413953,,9848000,26200000,,298761,283822.95,135177,163584,,,,,42000000,
27,TAIWAN SEMICONDUCTOR,Taiwan,TWN,2017,29074.08327,1,Information Technology,48602,2075928,6080212,8156140,,12016000,32260000,,369745,351257.75,168631,201114,,,,,48900000,
28,TAIWAN SEMICONDUCTOR,Taiwan,TWN,2018,30717.77139,1,Information Technology,48752,2125725,6349642,8475367,,13167000,37830000,2988,393784,374094.8,179944,213840,,,,,56800000,
29,TAIWAN SEMICONDUCTOR,Taiwan,TWN,2019,31789.40379,1,Information Technology,51297,2071743,6697872,8769614,,14323000,43110000,,416715,400046.4,197131,219584,,,,,64300000,
30,TAIWAN SEMICONDUCTOR,Taiwan,TWN,2020,44776,1,Information Technology,56831,2450350,7459856,9910210,,16919000,51810000,,575740,546953,298400,277340,,,,,77300000,
31,TAIWAN SEMICONDUCTOR,Taiwan,TWN,2021,56809.70377,1,Information Technology,65152,2151937,8152497,10304434,,19192000,55050000,,674703,640967.85,339623,335080,,,,,82800000,
32,TENCENT,China,CHN,2016,22879.88761,1,Information Technology,38775,1530,344650,346180,,,,,,,,,,,,,,
33,TENCENT,China,CHN,2017,35192.99744,1,Information Technology,44796,2783.79,573876,576659.79,,866714,,,,,2.21,3954.46,,,,5261,1532710,
34,TENCENT,China,CHN,2018,47328.73845,1,Information Technology,54309,2590.31,712762,715352.31,,1106477.18,,,,,2.51,5917.28,,,,5461,1907226.06,
35,TENCENT,China,CHN,2019,54637.10654,1,Information Technology,62885,4101.08,852686,856787.08,,1506253.9,,,,,10.4,7038.38,,,,4076,2750510.36,
36,TENCENT,China,CHN,2020,68577.70535,1,Information Technology,51350,4089.79,926675.8,930765.59,,1723567.94,,,,,73.23,9077.63,,,,10985,3509332.1,
37,TENCENT,China,CHN,2021,79681.55093,1,Information Technology,68226,19000,2349000,2368000,,4375253,,,,,324,29850,,,,,6201652,
38,CHEVRON CORP,USA,USA,2018,158902,1,Oil & Gas,48638,68000000,2000000,70000000,,275555577.6,,,,,400000,,200000,,,,70000000,71000000
39,CHEVRON CORP,USA,USA,2019,139865,1,Oil & Gas,48155,63000000,1000000,64000000,,268611132.6,,,,,400000,,200000,,,,69000000,70000000
40,CHEVRON CORP,USA,USA,2020,94471,1,Oil & Gas,47736,56000000,1000000,57000000,,249444464.4,,,,,200000,,100000,,,,62000000,63000000
41,CHEVRON CORP,USA,USA,2021,155606,1,Oil & Gas,42595,57000000,2000000,59000000,"8,2",252500020.2,,,,,300000,,100000,,,,66000000,67000000
42,China Construction Bank,China,CHN,2016,81359.59612,1,Financial services,362482,4100.19,105820.03,109920.22,,,,,409.1,,,,,,,,246859,
43,China Construction Bank,China,CHN,2017,85127.50313,1,Financial services,352621,18576.91,258872.22,277449.13,,483337.67,,,,,40.29,391.5,,,,,2049524.54,
44,China Construction Bank,China,CHN,2018,94133.62687,1,Financial services,345971,17518.07,244028.93,261547,,446323.04,,,,,20.58,371.47,,,,,2280545.68,
45,China Construction Bank,China,CHN,2019,95155.61946,1,Financial services,347156,115242.34,1459672.38,1574914.66,,2645169.57,,,,,19.46,409.31,,,,,23790030.7,
46,China Construction Bank,China,CHN,2020,98841.78032,1,Financial services,349671,88906.1,1392317.22,1481223.32,,2436176.42,,,,,36.06,689.65,,,,,23171202.67,
47,China Construction Bank,China,CHN,2021,113898.2154,1,Financial services,351252,127378.31,1516076.17,1643454.48,"8,2",2734978.95,,,,,37.46,272.17,,,,,20600497.71,
48,CHINA MOBILE,China,HKG,2016,106678.9931,1,Telecommunications,460647,350000,14030000,14380000,,,,,,,22742,,22742,,,,41250000,
49,CHINA MOBILE,China,HKG,2017,109610.1418,1,Telecommunications,464656,330000,15650000,15980000,,,,,,,35035,,35035,,,,42240000,
50,CHINA MOBILE,China,HKG,2018,111523.4502,1,Telecommunications,459152,310000,15860000,16170000,,,,,,39759,10165,29594,,,,,35120000,
51,CHINA MOBILE,China,HKG,2019,108019.9704,1,Telecommunications,456239,280000,17040000,17320000,,,,,,,18900,71400,,67000,,,36290000,
52,CHINA MOBILE,China,HKG,2020,109264.4922,1,Telecommunications,454332,240000,33910000,34150000,,,,,,,17800,63200,,57700,,,38310000,
53,CHINA MOBILE,China,HKG,2021,131497.7413,1,Telecommunications,449934,240000,33580000,33820000,"17,8",,,,,,21000,76700,,74300,,,43320000,
54,COMCAST CORP A (NEW),USA,USA,2016,80403,1,Telecommunications,159000,427567,1266984,1694551,,,,,,,,,,,,,,
55,COMCAST CORP A (NEW),USA,USA,2017,85029,1,Telecommunications,164000,452167,1339880,1792047,,,,,,,,,,,,,,
56,COMCAST CORP A (NEW),USA,USA,2018,94507,1,Telecommunications,184000,502569,1489233,1991802,,,,,,,,,,,,,,
57,COMCAST CORP A (NEW),USA,USA,2019,108942,1,Telecommunications,190000,676422,1863480,2539902,,7129369,,,,,,,,,,,,
58,COMCAST CORP A (NEW),USA,USA,2020,103564,1,Telecommunications,168000,547084,1743564,2290648,,6504762,,,,,,,,,,,,
59,COMCAST CORP A (NEW),USA,USA,2021,116385,1,Telecommunications,189000,519288,1551747,2071035,"17,8",6098203,,,,,,,,,,,,
60,CVS HEALTH,USA,USA,2016,177546,1,Health,248224,198047,1285716,1483763,,2600000,,,,,3436,,2397,,,,5711000,
61,CVS HEALTH,USA,USA,2017,184786,1,Health,243544,206086,1131013,1337099,,2700000,,,,,4736,,2513,,,,5554000,
62,CVS HEALTH,USA,USA,2018,194579,1,Health,243000,177347,1096724,1274071,,2850000,,,,,5060,,2699,,,,5639000,
63,CVS HEALTH,USA,USA,2019,256776,1,Health,288154,157114,1024682,1181796,,2600000,,,,,4385,,2473,,,,6081000,
64,CVS HEALTH,USA,USA,2020,268706,1,Health,299980,165384,977380,1142764,,3041400,,,,,4272,433.47,3075.2,433.296612,,,5612000,
65,CVS HEALTH,USA,USA,2021,292111,1,Autos,321807,188257,881786,1070043,"6,6",3014033.852,,,,,5640,365.44,4210,0.18272,5728000,,5728000,
66,DAIMLER,Germany,DEU,2016,169580.5879,1,Autos,282488,1056000,1882000,2938000,,10895000,8526000,40.381,1229000,,,,71000,1051000,,,15104000,
67,DAIMLER,Germany,DEU,2017,185064.2213,1,Autos,289321,1192000,1763000,2955000,,11340000,9038000,40.249,1269000,,,,75000,1097000,,,14014000,
68,DAIMLER,Germany,DEU,2018,197537.8878,1,Autos,298683,1247000,1687000,2934000,,11607000,10041000,57,1328000,,,,82000,1195000,,,14381000,
69,DAIMLER,Germany,DEU,2019,193380.254,1,Autos,298655,1239000,1276000,2515000,,11287000,9289000,37.631,1249000,,,,79000,1133000,,,13486000,
70,DAIMLER,Germany,DEU,2020,171043.8111,1,Autos,288481,1027000,1035000,2062000,,9711000,8671000,21.327,1025000,,,,65000,936000,,,11778000,
71,DAIMLER,Germany,DEU,2021,198712.0935,1,Autos,172425,681000,466000,1147000,"21,8",6786000,5015000,9,651000,,,,51000,584000,,,7454000,
72,DEUTSCHE TELEKOM,Germany,DEU,2016,80883.8581,1,Telecommunications,221000,290541,3878321,4168862,,8500000,,,,,6335,66960,,,,,2751845,
73,DEUTSCHE TELEKOM,Germany,DEU,2017,84440.89195,1,Telecommunications,216000,284510,2611055,2895565,,8900000,,,,,5777,58706,,,,,2666455,
74,DEUTSCHE TELEKOM,Germany,DEU,2018,89348.94482,1,Telecommunications,216000,276727,2077415,2354142,,9200000,,,,,5710,60762,,,,,2745254,
75,DEUTSCHE TELEKOM,Germany,DEU,2019,90148.73,1,Telecommunications,213000,256476,1545541,1802017,,9300000,,,,,6911,69203,,,,,2157504,
77,JPMORGAN CHASE & CO,USA,USA,2016,95668,1,Financial services,243355,79556,780710,860266,,2240399,,,,,,,,,,,5127750,
78,JPMORGAN CHASE & CO,USA,USA,2017,100705,1,Financial services,252539,78229,596843,675072,,2124700,,,,,,,,,,,5611800,
79,JPMORGAN CHASE & CO,USA,USA,2018,109029,1,Financial services,256105,83101,572067,655168,,2127810,,,,,,,,,,,5731980,
80,JPMORGAN CHASE & CO,USA,USA,2019,115627,1,Financial services,256981,81655,556142,637797,,2082280,,,,,,,,,,,5091860,
81,JPMORGAN CHASE & CO,USA,USA,2020,119543,1,Financial services,255351,69570,4187,73757,,1942728,,,,,,,,,,,5035089,
82,JPMORGAN CHASE & CO,USA,USA,2021,121649,1,Financial services,271025,84911,785272,870183,4,2437515,,,,,,,,,6700709,,,
83,LVMH MOET HENNE,France,FRA,2016,41603.7355,1,Consumer Goods,134476,62657,322972,385629,,1148570,,3354,80787,,3354,77433,,66592.4,,,9599627,
84,LVMH MOET HENNE,France,FRA,2017,48067.04765,1,Consumer Goods,145247,87241.8,292070,379312,,1189280,,1660,78550,,3360,75190,,68422.9,,,9534191,
85,LVMH MOET HENNE,France,FRA,2018,55268.87305,1,Consumer Goods,156088,96030.8,288092,384123,,1277080,,1170,99495,,6480,93015,,84643.6,,,10655856,
86,LVMH MOET HENNE,France,FRA,2019,60081.14985,1,Consumer Goods,163309,69152.97,294810.03,363963,,1278600,,1030,95620,,5130,90490,,82345.9,,,10945900,
87,LVMH MOET HENNE,France,FRA,2020,49493.40095,1,Consumer Goods,150479,63909.3,240421,304330,,1149660,,960,80690,,3983,76707,,71337.5,,,10280200,
88,LVMH MOET HENNE,France,FRA,2021,75967.26269,1,Consumer Goods,175647,71390.6,304349.4,375740,4,1367340,,,113580,,8022,105558,,103357.8,,,8571513,
89,MICROSOFT CORP,USA,USA,2016,84695,1,Information Technology,114000,94651,2139402,2234053,,,4999896,,,22378,,,,,4999896,,,
90,MICROSOFT CORP,USA,USA,2017,96571,1,Information Technology,124000,107452,2697554,2805006,,6756779,3236000,,,,2188,23870,2122,15280,5148000,,1913000,
91,MICROSOFT CORP,USA,USA,2018,110360,1,Information Technology,131000,99008,2946043,3045051,,7781383,3393000,,,,1405,17661,1376,9864,6719000,,3326000,
92,MICROSOFT CORP,USA,USA,2019,125843,1,Information Technology,144000,117956,3557518,3675474,,9249361,3559000,,,,14534,31644,6184,11175,7505000,,3946000,
93,MICROSOFT CORP,USA,USA,2020,143015,1,Information Technology,163000,118100,4102445,4220545,,10757166,3651000,,,,9469,31101,7581,9588,7618000,,3967000,
94,MICROSOFT CORP,USA,USA,2021,168088,1,Information Technology,181000,123704,4745197,4868901,29,13481863,3179000,,,,1750,20768,1742,11760,7657000,,4478000,
95,MICROSOFT CORP,USA,USA,2022,198270,1,Information Technology,221000,,,0,,,,,,,,,,,,,,
96,NESTLE SA-REG,Switzerland,CHE,2016,90795.11775,1,Food,328221,3600000,3000000,6600000,,39472300,80000000,,,,,,,,138000000,5100000,,
97,NESTLE SA-REG,Switzerland,CHE,2017,91186.91971,1,Food,322887,3500000,3000000,6500000,,37750000,78000000,,,,,,,,132000000,6300000,,
98,NESTLE SA-REG,Switzerland,CHE,2018,93507.06462,1,Food,308301,3300000,2500000,5800000,,35472300,75000000,,,,,,,,127000000,5900000,,
99,NESTLE SA-REG,Switzerland,CHE,2019,93161.26831,1,Food,275628,3300000,2300000,5600000,,35361100,67000000,,,,,,,,121000000,4800000,,
100,NESTLE SA-REG,Switzerland,CHE,2020,87780.5006,1,Food,268350,3300000,1900000,5200000,,24166668.6,59000000,,,,,,,,115000000,4400000,,
101,NESTLE SA-REG,Switzerland,CHE,2021,95288.32705,1,Food,257031,3370000,2640193,6010193,"393,2",22994300.73,,,1568228,1174602.77,12748,1555480,,,97998375,,39027212,
102,Petrobras,Brazil,BRA,2016,24815.01641,1,Oil & Gas,3714,,,0,,249858000,281800000,,,,132000,210000,,,,24800000,,191600000
103,Petrobras,Brazil,BRA,2017,25541.77101,1,Oil & Gas,3240,163918,17629,181547,,743867,293200000,,,,113000,153000,,,333700,3200,,177700000
104,Petrobras,Brazil,BRA,2018,26349.9927,1,Oil & Gas,3134,164983,16847,181830,,749904,289100000,,,,120000,158000,,,364900,1400,,182300000
105,Petrobras,Brazil,BRA,2019,23579.0764,1,Oil & Gas,2274,160323,15635,175958,,758629,271600000,,,,118000,245000,,,383200,1400,,156900000
106,Petrobras,Brazil,BRA,2020,16585.8681,1,Oil & Gas,3370,,,0,,,,,,,,,,,,,,
107,Petrobras,Brazil,BRA,2021,24157.38754,1,Oil & Gas,3380,61400000,400000,61800000,"393,2",,,,,,,,,,,,,
108,Petrochina,China,CHN,2016,244953.4849,1,Oil & Gas,508800,,,0,,650465900,,28400,,,,,,,,,,
109,Petrochina,China,CHN,2017,292447.6822,1,Oil & Gas,494300,,,0,,659258180,,28200,,,,,,,,,791210000,
110,Petrochina,China,CHN,2018,345291.6543,1,Oil & Gas,476200,,,0,,687100400,,25700,,,,,,,,,800050000,
111,Petrochina,China,CHN,2019,360155.511,1,Oil & Gas,460700,132170000,41910000,174080000,,708511230,,24400,,,,,,,,,793830000,
112,Petrochina,China,CHN,2020,275104.6239,1,Oil & Gas,432003,127570000,39870000,167440000,,720478500,,23500,,,,,,,,,769950000,
113,Petrochina,China,CHN,2021,371913.3879,1,Oil & Gas,417200,121390000,38150000,159540000,"393,2",51068497.08,,5300,,,1396000,2603000,,,,,750040000,
114,TOTAL,France,FRA,2016,127925,1,Oil & Gas,102168,41000000,4000000,45000000,,150000000,,,,,194000,363000,108000,215000,120000000,,,
115,TOTAL,France,FRA,2017,149099,1,Oil & Gas,98277,38000000,4000000,42000000,,142000000,,,,,187000,427000,104000,259000,116000000,,,
116,TOTAL,France,FRA,2018,184106,1,Oil & Gas,104460,40000000,4000000,44000000,,143000000,,,,,194000,379000,110000,219000,116000000,,,
117,TOTAL,France,FRA,2019,176249,1,Oil & Gas,107776,41000000,4000000,45000000,,160000000,,,,,288000,375000,190000,240000,115000000,,,
118,TOTAL,France,FRA,2020,119704,1,Oil & Gas,105476,38000000,3000000,41000000,,147000000,,,,,198000,303000,107000,190000,105000000,,,
119,TOTAL,France,FRA,2021,184634,1,Oil & Gas,101309,34000000,2000000,36000000,,148000000,,,,,165000,335000,98000,206000,101000000,,,
120,TOYOTA MOTOR CORP,Japan,JPN,2016,261075.0984,1,Autos,348877,2490000,5080000,7570000,,25750002.06,,,,,,,,,,,29300000,
121,TOYOTA MOTOR CORP,Japan,JPN,2017,246038.5242,1,Autos,364445,1750000,4190000,7810000,,19194445.98,35700000,,,,,,,,44500000,2800000,44500000,
122,TOYOTA MOTOR CORP,Japan,JPN,2018,266062.8991,1,Autos,369124,1920000,4080000,7790000,,19527779.34,39000000,,,,,,,,44400000,3100000,44400000,
123,TOYOTA MOTOR CORP,Japan,JPN,2019,277320.6232,1,Autos,370870,1900000,3780000,7650000,,19444446,38400000,,,,,,,,44000000,3300000,44000000,
124,TOYOTA MOTOR CORP,Japan,JPN,2020,277084.7092,1,Autos,359542,1640000,3260000,5680000,,17083334.7,31200000,,,,,,,,36800000,1100000,,0
125,TOYOTA MOTOR CORP,Japan,JPN,2021,247989.4499,1,Autos,366283,1928167,4496359,6424526,,,,,,,,,,,,,,
126,TOYOTA MOTOR CORP,Japan,JPN,2022,252271.5458,1,Autos,372817,,,0,,,,,,,,,,,,,,
127,UNITEDHEALTH GRP,USA,TYN,2016,184840,1,Health,230000,15838,,0,,372857,,,13487,7514,,,,,,,850000,
128,UNITEDHEALTH GRP,USA,TYN,2017,201159,1,Health,260000,16570,,0,,366475,,,15898,8824,,,,,,,820000,
129,UNITEDHEALTH GRP,USA,TYN,2018,226247,1,Health,300000,13933,155700,0,,365005,,,15521,8475,,,,,,,740000,
130,UNITEDHEALTH GRP,USA,TYN,2019,242155,1,Health,325000,17709,149418,167127,,,,,7964,7964,,,,,650000,,650000,
131,UNITEDHEALTH GRP,USA,TYN,2020,257141,1,Health,330000,24487,148741,173228,,381692,,,6709,6709,,,,,,,560000,
132,UNITEDHEALTH GRP,USA,TYN,2021,287597,1,Health,350000,97537,290463,388000,,1151438,,,7099,7099,,,,,,,860000,
133,VERIZON COMMUNICATIONS,USA,USA,2016,125980,1,Telecommunications,160900,372496,5259727,5632223,,,,,,33886.3145,,,,,,,,
134,VERIZON COMMUNICATIONS,USA,USA,2017,126034,1,Telecommunications,155400,376735,4522261,4898996,,,,,,38450,,,,,,,,
135,VERIZON COMMUNICATIONS,USA,USA,2018,130863,1,Telecommunications,144953,385241,4033579,4418820,,11836047.06,,,,,,,,,8706447.094,,,
136,VERIZON COMMUNICATIONS,USA,USA,2019,131868,1,Telecommunications,135670,358753,4006874,4365627,,11791884.55,,,,,,,,,8895717.683,,8895717.683,
137,VERIZON COMMUNICATIONS,USA,USA,2020,128292,1,Telecommunications,132200,336831,3753660,4090491,,11427436.75,,,,,,,,,7760094.149,,7760094.149,
138,VERIZON COMMUNICATIONS,USA,USA,2021,133613,1,Telecommunications,118400,380419,4492040,4872459,,,,,,,,,,,,,,
139,VOLKSWAGEN VORZUG,Germany,,2016,228903.8205,1,Autos,626715,4230000,5280000,9510000,,23500000,32170000,,3112108,2942654,264316,2847792,150238,2792416,,,,52250000
140,VOLKSWAGEN VORZUG,Germany,,2017,274970,1,Autos,642292,4040000,4910000,9090000,,24200000,32850000,,3220574,3034924,267053,2953521,169571,2865353,,,,53770000
141,VOLKSWAGEN VORZUG,Germany,,2018,269762,1,Autos,655722,3910000,4290000,8210000,,24120000,30650000,,3302955,3153424,254445,3048510,170502,2982922,,,,55680000
142,VOLKSWAGEN VORZUG,Germany,DEU,2019,307025.2,1,Autos,671205,4400000,3800000,7570000,,23420000,29930000,3906,3135573,3016156,241897,2893676,171163,2844993,,,,46920000
143,VOLKSWAGEN VORZUG,Germany,DEU,2020,247055.7698,1,Autos,662575,4340000,2800000,7140000,,21590000,25790000,3374,2489035,2389446,213535,2275500,150150,2239296,,,,41750000
144,VOLKSWAGEN VORZUG,Germany,DEU,2021,295990.1756,1,Autos,672789,4740000,2420000,7160000,,21980000,,,,,,,,,,,,39690000
145,WALMART,USA,USA,2016,482130,1,Retail,2300000,14080000,6650000,20730000,,,,,,,,,,,,,,
146,WALMART,USA,USA,2017,485873,1,Retail,2300000,6523390,6520000,13043390,,44291504,,,,,,,,,,,,
147,WALMART,USA,USA,2018,500343,1,Retail,2300000,6101641,6100000,12201641,,43150528,,,,,,,,,,,,
148,WALMART,USA,USA,2019,514405,1,Retail,2200000,6484616,12160000,18644616,,42589868,,,,,,,,,,,,
149,WALMART,USA,USA,2020,523964,1,Retail,2200000,7236499,12020000,19256499,,41676262,,,,,,,,,,,,
150,WALMART,USA,USA,2021,559151,1,Retail,2300000,7370161,9618958,16989119,,38333336.4,,,,,,,,,,,,
151,WALMART,USA,USA,2022,572754,1,Retail,2300000,,,,,,,,,,,,,,,,,
152,ABBVIE INC,USA,USA,2016,25638,1,Pharmaceutical,28939,305000,305000,610000,,2085000,3440000,,35700,28470.83,13600,22100,12063.2,16407.63,34900000,,4700000,4700000
153,ABBVIE INC,USA,USA,2017,28216,1,Pharmaceutical,29777,299000,284000,584000,,2051000,3250000,,32800,27799.79,14500,18300,12861.5,14938.29,34100000,,4360000,4360000
154,ABBVIE INC,USA,USA,2018,32753,1,Pharmaceutical,30612,315000,271000,585000,,2146000,3260000,,32000,27224.52,15600,16400,13837.2,13387.32,35100000,,4400000,4400000
155,ABBVIE INC,USA,USA,2019,33266,1,Pharmaceutical,30776,315000,250000,564000,,2112000,3130000,,33400,28515.81,17700,15700,15699.9,12815.91,31700000,,4330000,4300000
156,ABBVIE INC,USA,USA,2020,45804,1,Pharmaceutical,47000,265000,243000,508000,,1978000,3060000,,30600,,15800,14800,14500,7100,34700000,,4060000,4060000
157,ABBVIE INC,USA,USA,2021,56197,1,Pharmaceutical,50000,367954,256708,624662,"12,4",2654868,,,36900,15498,,,,,,,5220000,
158,ALIBABA GRP-ADR,China,CHN,2016,15222.11415,1,Retail,36446,,,,,,,,,,,,,,,,,
159,ALIBABA GRP-ADR,China,CHN,2017,22775.4847,1,Retail,50097,,,,,,,,,,,,,,,,,
160,ALIBABA GRP-ADR,China,CHN,2018,36386.17374,1,Retail,66421,,,,,,,,,,,,,,,,,
161,ALIBABA GRP-ADR,China,CHN,2019,53926.3764,1,Retail,101958,,,,,,,,,,,,,,,,,
162,ALIBABA GRP-ADR,China,CHN,2020,72510.72632,1,Retail,117600,510026,3709747,4219773,,,,,,,,,,,,,,
163,ALIBABA GRP-ADR,China,CHN,2021,102040.4629,1,Retail,251462,926779,4445238,5372017,"39,9",,,,,,,,,,,,,
164,ALIBABA GRP-ADR,China,CHN,2022,121355.3273,1,Retail,254941,926779,4445238,5372017,"39,9",8786584,,,,,,,,,,,,
165,ALLIANZ,Germany,DEU,2016,135455.5075,1,Financial services,140253,55991,,,,776146.7288,,,,,,21438,,8618.076,,,1887526,
166,ALLIANZ,Germany,DEU,2017,142557.4527,1,Financial services,140553,51838,,,,773105.0618,,,,,,21474,,8739.918,,,1940030,
167,ALLIANZ,Germany,DEU,2018,126889,1,Financial services,142460,46734,,,,732332.8364,,,,,,19575,,7810.425,,,1830782,
168,ALLIANZ,Germany,DEU,2019,130381.8044,1,Financial services,147268,42011,,,,704531.723,,,,,,19396,,7855.38,,,1883352,
169,ALLIANZ,Germany,DEU,2020,155687.3448,1,Financial services,150269,28714,,,,588968.936,,,,,,14395,,6564.12,,,1592564,
170,ALLIANZ,Germany,DEU,2021,175690.6354,1,Financial services,155411,28699,138746,167445,"39,9",539791.1543,,,,,,12064,,5621.82,,,1237598,
171,ALPHABET INC-A,USA,DEU,2016,90272,1,Information Technology,72053,66218,,,,6513720,,,,34877,,43058,,,9463529.45,,9463520,
172,ALPHABET INC-A,USA,DEU,2017,110855,1,Information Technology,80110,66549,,,,8029410,,,,44291.3,,53363,,,11624999.58,,11625000,
173,ALPHABET INC-A,USA,DEU,2018,136819,1,Information Technology,98771,63521,,,,10572500,,,,45690.4,,57113,,,15785167.12,,15785200,
174,ALPHABET INC-A,USA,DEU,2019,161857,1,Information Technology,118899,66686,,,,12749500,6620680,,,39228.9,,51617,,,19536500,,12915800,
175,ALPHABET INC-A,USA,DEU,2020,182527,1,Information Technology,135301,38694,,,,15439538,7343698.853,,,22225.28,,28864,,,21535207.62,,14191508.76,
176,ALPHABET INC-A,USA,DEU,2021,257637,1,Information Technology,156500,45073,,,"7,3",18571659,6567689.438,,,21677.81,,28153,,,23836737.98,,17269048.54,
177,AMAZON.COM INC,USA,USA,2016,135987,1,Retail,341400,2272176,1818190,4090366,,,,,,,,,,,,,,
178,AMAZON.COM INC,USA,USA,2017,177866,1,Retail,566000,2971922,2378126,5350048,,,,,,,,,,,,,,
179,AMAZON.COM INC,USA,USA,2018,232887,1,Retail,647500,4980000,4710000,9690000,,,,,,,,,,,,,,
180,AMAZON.COM INC,USA,USA,2019,280522,1,Retail,798000,5760000,5500000,11260000,,,,,,,,,,,,,,
181,AMAZON.COM INC,USA,USA,2020,386064,1,Retail,1298000,9620000,5270000,14890000,,,,,,,,,,,,,,
182,AMAZON.COM INC,USA,USA,2021,469822,1,Retail,1608000,12110000,4070000,16180000,"34,4",,,,,,,,,,,,,
183,APPLE,USA,USA,2016,215639,1,Electronics,116000,34370,,,,,,,29393.80054,12588.7,1021.13,,,,2384810,0,,0
184,APPLE,USA,USA,2017,229234,1,Electronics,123000,45400,,,,,,,52973.13121,30872.5,1492.28,,,,3785410,90849.8,,3391730
185,APPLE,USA,USA,2018,265595,1,Electronics,132000,54590,,,,,,,52024.10798,30127.6,2802.59,,,,4762050,238481,,3993610
186,APPLE,USA,USA,2019,260174,1,Electronics,137000,50540,,,,,,,57483.55965,32797.9,2721.69,,,,4989170,401253,,4357010
187,APPLE,USA,USA,2020,274515,1,Electronics,147000,47430,,,,,,,44991.68605,28838.66608,1809.720487,,,,4871822.67,427751.33,,4421358.88
188,APPLE,USA,USA,2021,365817,1,Electronics,154000,55200,,,"34,4",,2918552.482,,51660.81299,33101.42017,1574.037225,,,,5326074.374,533743.061,,4765833.431
190,AT&T,USA,USA,2016,163786,1,Telecommunications,268540,1080000,,,,20000000,,,,,,,,,,,11620000,
191,AT&T,USA,USA,2017,160546,1,Telecommunications,254000,1070000,6950000,8020235.98,,19500000,,,201395,67585,,,,,,,9840000,
192,AT&T,USA,USA,2018,170756,1,Telecommunications,268220,1020000,6660000,7749419.54,,18700000,,,191865,72412,162.2,191703,79.96,72323,,,9650000,
193,AT&T,USA,USA,2019,181193,1,Telecommunications,247800,990000,5530000,6525122.31,,17900000,,,245645,91995,24.89,245620,4.84,91958,,,11400000,
194,AT&T,USA,USA,2020,171760,1,Telecommunications,230760,1040000,,,,17500000,,,199749,80008,35.51,199714,13.9,79994,,,10130000,
195,AT&T,USA,USA,2021,168864,1,Telecommunications,203000,997129,,,"36,8
 0,4",17000000,,,190223,76626,168.81,190054,132.01,76494,,,10150000,
196,AXA,France,FRA,2016,110861.7838,1,Financial services,115819,34246,57289,91535,,404466,,,,,,8960,,4253,,,1008150,
197,AXA,France,FRA,2017,111102.3426,1,Financial services,115328,"32,950",55120,"88,070",,363283,,,,,,7889,,3588,,,927017,
198,AXA,France,FRA,2018,121422.5013,1,Financial services,124355,38778,69160,107938,,344684,,,,,,7735,,3223,,,1003960,
199,AXA,France,FRA,2019,115899.4151,1,Financial services,121337,37889,62765,100654,,305484,,,,,,6935,,2289,,,850506,
200,AXA,France,FRA,2020,107212.6094,1,Financial services,117623,26292,40894,67186,,260992,,,,,,5430,,2715,,,566155,
201,AXA,France,FRA,2021,118219.8011,1,Financial services,114749,23362,56767,,"36,8
 0,4",233927,,,,,,4289,,2144.5,,,370300,
202,BANK OF AMERICA CORP,USA,USA,2016,83701,1,Financial services,210247,84825,,,,2450468.252,6564000,,113191,73370,,113191,642,72728,8380000,,,
203,BANK OF AMERICA CORP,USA,USA,2017,87126,1,Financial services,209376,59451,,,,2372102.69,6375000,,100657,54965,,100657,1051,53914,8010000,,,
204,BANK OF AMERICA CORP,USA,USA,2018,91020,1,Financial services,204489,62258,,,,2303729.907,6038000,,95089,52664,,95089,670,51994,7730000,,,
205,BANK OF AMERICA CORP,USA,USA,2019,91244,1,Financial services,208131,62639,,,,2254529.347,,,103428,60363,,102961,466,59897,7550000,,,
206,BANK OF AMERICA CORP,USA,USA,2020,85528,1,Financial services,213000,53390,,,,2109927.113,,,76752,47637,,76241,511,47126,6690000,,,
207,BANK OF AMERICA CORP,USA,USA,2021,89113,1,Financial services,208000,57076,,,"6,9
 267,4",2062120.165,,,67282,45325,,66775,507,44818,6325000,,,
208,BERKSHIRE HATHAWAY B,USA,USA,2016,215114,1,Electricity Utilities,367671,732137,542198,1274335,,,,,,,,,,,,,,
209,BERKSHIRE HATHAWAY B,USA,USA,2017,239933,1,Electricity Utilities,377291,732137,542201,1274338,,,,,,,,,,,,,,
210,BERKSHIRE HATHAWAY B,USA,USA,2018,247837,1,Electricity Utilities,389373,732137,542202,1274339,,,,,,,,,,,,,,
211,BERKSHIRE HATHAWAY B,USA,USA,2019,254616,1,Electricity Utilities,391539,732137,542203,1274340,,,,,,,,,,,,,,
212,BERKSHIRE HATHAWAY B,USA,USA,2020,245510,1,Electricity Utilities,360000,732137,542202,1274339,,,,,,,,,,,,,,
213,BERKSHIRE HATHAWAY B,USA,USA,2021,276094,1,Electricity Utilities,371653,732137,542205,,"6,9
 267,4",,,,,,,,,,,,,
214,BMW STAMM,Germany,DEU,2016,104189.6954,1,Autos,124729,562146,868089,1430235,,5783841,3312562,2085.398,762924,754486,35074,727364,30855,723632,,,5017816,
215,BMW STAMM,Germany,DEU,2017,110801.3317,1,Autos,129932,625072,510911,1135983,,5852666,3633306,2273.678,785209,776179,41371,743838,36379,739799,,,5073220,
216,BMW STAMM,Germany,DEU,2018,114318.2569,1,Autos,134682,581703,538622,1120325,,5788965,3432982,1902.577,789817,779911,41976,747841,37259,742652,,,5425073,
217,BMW STAMM,Germany,DEU,2019,116658.4056,1,Autos,126016,642259,302574,944833,,5974625,3578497,1960.211,780911,771162,49466,731445,44572,726590,,,5417428,
218,BMW STAMM,Germany,DEU,2020,109725.4655,1,Autos,120726,678967,130090,809057,,6040824,3378877,1491.848,775459,,48149,727311,44267,724025,,,4722310,
219,BMW STAMM,Germany,DEU,2021,131597.3267,1,Autos,118909,699713,134849,,"251,5",6476955,,,829498,822848,,,,,,,4924477,
220,BP,USA,GBR,2016,183008,1,Oil & Gas,74500,51400000,6200000,57600000,,210833350.2,76000000,3307,,130400,228400,242400,,,,800000,87400000,255700000
221,BP,USA,GBR,2017,240208,1,Oil & Gas,74000,50500000,6100000,56600000,,206111127.6,80000000,2650,,136000,171000,286500,,,,600000,90500000,274900000
222,BP,USA,GBR,2018,298756,1,Oil & Gas,73000,48800000,5400000,54200000,,209722239,78000000,2804,,112700,182800,241500,,,,2200000,88200000,268800000
223,BP,USA,GBR,2019,159307,1,Oil & Gas,70100,49200000,5200000,54400000,,211111128,78000000,2825,,194000,142600,228300,,,,2300000,91100000,281000000
224,BP,USA,GBR,2020,105944,1,Oil & Gas,63600,41700000,3800000,45500000,,180460000,76000000,2340,,,133700,406300,53100,203200,,3100000,75400000,275600000
225,BP,USA,GBR,2021,157739,1,Oil & Gas,65900,33200000,2400000,,"251,5",128805000,59000000,1741,,,156500,370100,59100,194500,,2400000,53600000,239400000
226,CHEVRON CORP,USA,USA,2016,110215,1,Oil & Gas,51953,66000000,,,,243333352.8,,,,,600000,,300000,,,,79000000,80000000
227,CHEVRON CORP,USA,USA,2017,134674,1,Oil & Gas,51754,67000000,,,,246944464.2,,,,,400000,,100000,,,,71000000,72000000
228,DEUTSCHE TELEKOM,Germany,DEU,2020,111953.4269,1,Telecommunications,226291,235261,,,,12800000,,,,,7886,70528,,,,,2815364,
229,DEUTSCHE TELEKOM,Germany,DEU,2021,128711.9549,1,Telecommunications,216528,218731,,,"39,2",13300000,,,86636,,7312,79325,,,,,2634203,
230,EXXON MOBIL CORP,USA,USA,2016,200628,1,Oil & Gas,71000,105000000,8000000,113000000,,416666666.7,,,,,1500000,,,,,,280000000,430000000
231,EXXON MOBIL CORP,USA,USA,2017,237162,1,Oil & Gas,70000,100000000,9000000,109000000,,388888888.9,,,,,1700000,,,,,,290000000,440000000
232,EXXON MOBIL CORP,USA,USA,2018,279332,1,Oil & Gas,71000,101000000,9000000,110000000,,416666666.7,,,,,1200000,,,,,,310000000,470000000
233,EXXON MOBIL CORP,USA,USA,2019,255583,1,Oil & Gas,75000,97000000,9000000,106000000,,4166666667,,,,,1600000,,,,,,300000000,460000000
234,EXXON MOBIL CORP,USA,USA,2020,178574,1,Oil & Gas,72000,92000000,7000000,99000000,,416666666.7,,,,,1000000,,,,,,300000000,460000000
235,EXXON MOBIL CORP,USA,USA,2021,276692,1,Oil & Gas,63000,92000000,7000000,,27,416666666.7,,,,,,,,,,,,
236,FACEBOOK INC-A,USA,USA,2016,27638,1,Information Technology,17048,9000,,,,,,,,,,,,,1129000,426000,,
237,FACEBOOK INC-A,USA,USA,2017,40653,1,Information Technology,25105,25000,591000,616000,,,,,,,,,,,1609000,469000,838000,
238,FACEBOOK INC-A,USA,USA,2018,55838,1,Information Technology,33587,42000,314000,356000,,,,,,,,,,,2367000,673000,1279000,
239,FACEBOOK INC-A,USA,USA,2019,70697,1,Information Technology,44942,44000,208000,251000,,,,,,,,,,,3430000,854000,1971000,
240,FACEBOOK INC-A,USA,USA,2020,85965,1,Information Technology,58604,29000,9000,38000,,7520833.935,1524000,,,,,,,,3726000,643000,2202000,
241,FACEBOOK INC-A,USA,USA,2021,117929,1,Information Technology,71970,55000,2000,,27,10275834.16,2474000,,,,,,,,5043000,580000,2569000,
242,FORD MOTOR CO,USA,USA,2016,151800,1,Autos,201000,1300000,3310000,4610000,,,11000000,,,,,,,,,,24700000,
243,FORD MOTOR CO,USA,USA,2017,156776,1,Autos,202275,1320000,3120000,4440000,,,11200000,,,,,,,,,,24100000,
244,FORD MOTOR CO,USA,USA,2018,160338,1,Autos,198964,1270000,3110000,4380000,,13800000,10300000,,1360000,,51700,1303100,17600,1207500,,,22300000,
245,FORD MOTOR CO,USA,USA,2019,155900,1,Autos,190433,1140000,2600000,3740000,,12970000,9100000,,1216000,,44200,1166000,15500,1080100,19417000,,19400000,
246,FORD MOTOR CO,USA,USA,2020,127144,1,Autos,186401,940000,2020000,2960000,,10440000,6300000,,986000,,39600,946300,19800,905800,,,15600000,
247,FORD MOTOR CO,USA,USA,2021,136341,1,Autos,182789,1080000,2070000,,27,9840000,7100000,,,,36800,,10400,762500,,,14200000,
248,HSBC HOLDINGS (GB),UK,GBR,2016,41180,1,Financial services,235175,"25,719",444110,529000,,1250000,,,,,,26000,,18000,,,2841000,
249,HSBC HOLDINGS (GB),UK,GBR,2017,40028,1,Financial services,228687,27648,,473000,,1134000,,,,,,25000,,16000,,,2691000,
250,HSBC HOLDINGS (GB),UK,GBR,2018,45139,1,Financial services,240578,26403,,437000,,1092000,,,,,,23000,,14000,,,2425000,
251,HSBC HOLDINGS (GB),UK,GBR,2019,41487,1,Financial services,240946,28025,,414000,,1049000,,,,,,21000,,13000,,,2400000,
252,HSBC HOLDINGS (GB),UK,GBR,2020,38080,1,Financial services,231040,25228,,363000,,928000,,,,,,17000,,10000,,,2065000,
253,HSBC HOLDINGS (GB),UK,GBR,2021,37139,1,Financial services,219697,22000,307000,,"5,4",833,,,13000,8000,,,,,,,1594000,
255,INTEL CORP,USA,USA,2016,59387,1,Information Technology,106000,976000,,1620000,,6500000,32009440,,177000,,63600,81000,49700,66000,,17428030,,35580000
256,INTEL CORP,USA,USA,2017,62761,1,Information Technology,102700,1490000,,2460000,,7330000,34390500,,183000,,78800,108000,53800,92000,,13260000,10288740,42055000
257,INTEL CORP,USA,USA,2018,70848,1,Information Technology,107400,1458000,,2580000,,8340000,40168000,,205000,,95200,129000,64900,116000,51710000,16475000,11541000,48421000
258,INTEL CORP,USA,USA,2019,71965,1,Information Technology,110800,1489000,,2790000,,9570000,43621000,,387000,,124700,262000,100400,244000,54651000,16477000,11028000,47546000
259,INTEL CORP,USA,USA,2020,77867,1,Information Technology,110600,1973000,909000,2882000,,10650000,47261000,,414000,,143000,271200,111540,254928,60279000,13017000,13017000,52428000
260,INTEL CORP,USA,USA,2021,79000,1,Information Technology,121100,2181000,,3274000,"41,4",11638889.82,49739000,,344000,,148000,109900,109520,97811,60530000,,10791000,54102000
261,JOHNSON&JOHNSON,USA,DEU,2016,71890,1,Pharmaceutical,126400,463622,,,,3558610,7780000,,0,0,52392,125526,36724,91609,0,880000,4210000,10680000
262,JOHNSON&JOHNSON,USA,DEU,2017,76450,1,Pharmaceutical,134000,474497,,,,3523610,7650000,,0,0,48743,137732,37833,105522,0,910000,4480000,11390000
263,JOHNSON&JOHNSON,USA,DEU,2018,81581,1,Pharmaceutical,135100,452407,,,,3668890,7510000,,0,0,52672,141770,43784,114979,0,840000,4540000,11530000
264,JOHNSON&JOHNSON,USA,DEU,2019,82059,1,Pharmaceutical,132200,415094,,,,3528330,7770000,,0,0,53425,141848,44337,117193,0,810000,4570000,11580000
265,JOHNSON&JOHNSON,USA,DEU,2020,82584,1,Pharmaceutical,136400,363924,,,,3320555.821,7310000,,0,0,53944,129090,44883,113424,0,750000,4280000,10880000
266,PFIZER,USA,USA,2016,52824,1,Pharmaceutical,96500,940953,,2047873,,,,,,,,,,,15830000,,,
267,PFIZER,USA,USA,2017,52546,1,Pharmaceutical,90200,788838,,1648529,,4722222.6,,,164000,,131100,32900,51000,18400,14760000,,,
268,PFIZER,USA,USA,2018,53647,1,Pharmaceutical,92400,756964,,1676750,,5658241,,,161400,,118800,42600,48200,19200,15510000,,,
269,PFIZER,USA,USA,2019,51750,1,Pharmaceutical,88300,697313,,1302584,,4722222.6,,,,,131900,41200,51800,18700,15050000,,,
270,PFIZER,USA,USA,2020,41908,1,Pharmaceutical,78500,654460,,1206037,,4499278,,,168100,,128300,39800,46100,18900,14010000,,,
271,PFIZER,USA,USA,2021,81288,1,Pharmaceutical,79000,662438,1339701,1172000,"14,3",,23500000,,,,82700,40100,19500,24000,27500000,,4000000,
272,PING AN INS A (HK-C),China,CHN,2016,116627.8245,1,Financial services,318600,,,,,,,,,,,,,,,,816488,
273,PING AN INS A (HK-C),China,CHN,2017,144254.8768,1,Financial services,342600,3774,123860,127634,,,,,,,,9186,,,,,1101830,
274,PING AN INS A (HK-C),China,CHN,2018,163791.4543,1,Financial services,376900,3774,123860,127634,,,,,,,,8957,,,,,1173300,
275,PING AN INS A (HK-C),China,CHN,2019,184362.6732,1,Financial services,376900,7156,720605,727761,,,,,,,,309631,,,,,9279230,
276,PING AN INS A (HK-C),China,CHN,2020,187982.953,1,Financial services,361600,2114.51,478287.47,480401.98,,,,,,,,331125,,,,,26831408,
277,PING AN INS A (HK-C),China,CHN,2021,199616.5718,1,Financial services,355982,6121.76,376336.09,,"2,4",,,,,,,210773,,,,,5088733,
278,PJSC Gazprom,Russia,RUS,2016,91653.05446,1,Oil & Gas,467400,101240000,4508363,105748363,,,11690000,,273650,,,,,,,,,
279,PJSC Gazprom,Russia,RUS,2017,112272.0297,1,Oil & Gas,469600,113170000,5540559,118710559,,,10740000,,260700,,,,,,,,,
280,PJSC Gazprom,Russia,RUS,2018,131493.7639,1,Oil & Gas,466100,120090000,8210000,128300000,,,9780000,,285900,,,,,,,,,
281,PJSC Gazprom,Russia,RUS,2019,118422.8587,1,Oil & Gas,473800,117090000,6080000,123170000,,,18890000,,264240,,,,,,,,,
282,PJSC Gazprom,Russia,RUS,2020,90878.65,1,Oil & Gas,477600,100970000,4770000,105740000,,,23080000,,272240,,,,,,,,,
283,PJSC Gazprom,Russia,RUS,2021,139011.5026,1,Oil & Gas,479200,119870000,4700000,,"61,5",,21430000,,290760,,,,,,,,,
284,PROCTER & GAMBLE,USA,USA,2016,65299,1,Pharmaceutical,105000,2133000,2770000,4903000,,16389020,,18000,640000,532440,,,,,,,63219000,
285,PROCTER & GAMBLE,USA,USA,2017,65058,1,Pharmaceutical,95000,2122000,2437000,4559000,,16666800,,19000,632000,585230,,,,,,,61826000,
286,PROCTER & GAMBLE,USA,USA,2018,66832,1,Pharmaceutical,92000,2143000,1910000,4053000,,16944580,,21000,624000,586560,,,,,,,63666000,
287,PROCTER & GAMBLE,USA,USA,2019,67684,1,Pharmaceutical,97000,2210000,1840000,4050000,,16944580,,16000,655000,627490,,,,,,,63125000,
288,PROCTER & GAMBLE,USA,USA,2020,70950,1,Pharmaceutical,99000,2218000,,,,17500014,,15000,874000,865260,,,,,,,67049000,
289,PROCTER & GAMBLE,USA,USA,2021,76100,1,Pharmaceutical,101000,2242000,156000,,"61,5",17554736.27,,,,,,,,,,,,
290,PROCTER & GAMBLE,USA,USA,2022,80187,1,Pharmaceutical,106000,,,,,,,,,,,,,,,,,
291,Reliance Industries,India,IND,2016,45514.47957,1,Oil & Gas,24121,22446185,673289,23119474,,,28540680,,,,,,,,140121010,62899700,,
292,Reliance Industries,India,IND,2017,52213.17508,1,Oil & Gas,24167,24437399,733017,25170416,,,29751930,,,,,,,,150518830,68267930,,
293,Reliance Industries,India,IND,2018,61283.71744,1,Oil & Gas,29533,31500000,820000,32320000,,,30054390,,,,125450,909990,,,155387710,68877330,,97612458
294,Reliance Industries,India,IND,2019,82807.2,1,Oil & Gas,28967,29360000,1140000,30500000,,,27871900,,,,89690,798600,,,179550000,73100000,,
295,Reliance Industries,India,IND,2020,83517.7335,1,Oil & Gas,26488,47500000,1450000,48950000,,,,,,,92400,606600,,,,74400000,,
296,Reliance Industries,India,IND,2021,62814.96041,1,Oil & Gas,236334,44670000,1250000,,"488,7",,,,,,,,,,,,,
297,Reliance Industries,India,IND,2022,103424.3182,1,Oil & Gas,342982,43960000,1190000,45150000,,147277789.6,32940000,,,,,,58660,,224190000,103540000,,
298,Shell Plc,Netherlands,GBR,2016,233591,1,Oil & Gas,91000,72000000,,72000000,,266000000,,,2148000,653000,658000,1491000,,,,,154000000,198000000
299,Shell Plc,Netherlands,GBR,2017,305179,1,Oil & Gas,86000,73000000,,73000000,,269000000,,,2020000,404000,638000,1382000,,,,,154000000,204000000
300,Shell Plc,Netherlands,GBR,2018,388379,1,Oil & Gas,82000,71000000,,71000000,,268000000,,,1999000,419000,592000,1407000,,,,,147000000,199000000
301,Shell Plc,Netherlands,GBR,2019,344877,1,Oil & Gas,87000,70000000,,70000000,,264000000,,,2113000,441000,698000,1414000,,,,,145000000,192000000
302,Shell Plc,Netherlands,GBR,2020,180543,1,Oil & Gas,87000,63000000,,63000000,,241000000,,,2049000,448000,558000,1491000,,,,,127000000,171000000
303,Shell Plc,Netherlands,GBR,2021,261504,1,Oil & Gas,82000,60000000,10937254,,,223000000,,,1993000,399000,1025000,969000,,,,,122000000,166000000